2020-12-28,Arad,pm10,9
2020-12-29,Arad,pm10,7
2020-12-30,Arad,pm10,8
2020-12-31,Arad,pm10,10
2021-01-01,Arad,pm10,10
2021-01-02,Arad,pm10,10
2021-01-03,Arad,pm10,8
2021-01-04,Arad,pm10,8
2021-01-05,Arad,pm10,12
2021-01-06,Arad,pm10,12
2021-01-07,Arad,pm10,12
2021-01-08,Arad,pm10,16
2021-01-09,Arad,pm10,17
2021-01-10,Arad,pm10,16
2021-01-11,Arad,pm10,19
2021-01-12,Arad,pm10,20
2021-01-13,Arad,pm10,17
2021-01-14,Arad,pm10,15
2021-01-15,Arad,pm10,13
2021-01-16,Arad,pm10,15
2021-01-17,Arad,pm10,18
2021-01-18,Arad,pm10,22
2021-01-19,Arad,pm10,22
2021-01-20,Arad,pm10,18
2021-01-21,Arad,pm10,11
2021-01-22,Arad,pm10,11
2021-01-23,Arad,pm10,10
2021-01-24,Arad,pm10,10
2021-01-25,Arad,pm10,9
2021-01-26,Arad,pm10,14
2021-01-27,Arad,pm10,18
2021-01-28,Arad,pm10,19
2021-01-29,Arad,pm10,14
2021-01-30,Arad,pm10,13
2021-01-31,Arad,pm10,13
2021-02-01,Arad,pm10,13
2021-02-02,Arad,pm10,16
2021-02-03,Arad,pm10,16
2021-02-04,Arad,pm10,14
2021-02-05,Arad,pm10,13
2021-02-06,Arad,pm10,19
2021-02-07,Arad,pm10,20
2021-02-08,Arad,pm10,12
2021-02-09,Arad,pm10,10
2021-02-10,Arad,pm10,11
2021-02-11,Arad,pm10,12
2021-02-12,Arad,pm10,19
2021-02-13,Arad,pm10,22
2021-02-14,Arad,pm10,21
2021-02-15,Arad,pm10,20
2021-02-16,Arad,pm10,29
2021-02-17,Arad,pm10,20
2021-02-18,Arad,pm10,19
2021-02-19,Arad,pm10,16
2021-02-20,Arad,pm10,18
2021-02-21,Arad,pm10,20
2021-02-22,Arad,pm10,18
2021-02-23,Arad,pm10,16
2021-02-24,Arad,pm10,38
2021-02-25,Arad,pm10,24
2021-02-26,Arad,pm10,22
2021-02-27,Arad,pm10,16
2020-12-28,Bacău,pm10,10
2020-12-29,Bacău,pm10,11
2020-12-30,Bacău,pm10,16
2020-12-31,Bacău,pm10,15
2021-01-01,Bacău,pm10,16
2021-01-02,Bacău,pm10,23
2021-01-03,Bacău,pm10,13
2021-01-04,Bacău,pm10,9
2021-01-05,Bacău,pm10,9
2021-01-06,Bacău,pm10,9
2021-01-07,Bacău,pm10,16
2021-01-08,Bacău,pm10,16
2021-01-09,Bacău,pm10,19
2021-01-10,Bacău,pm10,31
2021-01-11,Bacău,pm10,22
2021-01-12,Bacău,pm10,21
2021-01-13,Bacău,pm10,21
2021-01-14,Bacău,pm10,21
2021-01-15,Bacău,pm10,31
2021-01-16,Bacău,pm10,12
2021-01-17,Bacău,pm10,27
2021-01-18,Bacău,pm10,34
2021-01-19,Bacău,pm10,37
2021-01-20,Bacău,pm10,50
2021-01-21,Bacău,pm10,44
2021-01-22,Bacău,pm10,43
2021-01-23,Bacău,pm10,42
2021-01-24,Bacău,pm10,29
2021-01-25,Bacău,pm10,19
2021-01-26,Bacău,pm10,10
2021-01-27,Bacău,pm10,14
2021-01-28,Bacău,pm10,10
2021-01-29,Bacău,pm10,12
2021-01-30,Bacău,pm10,11
2021-01-31,Bacău,pm10,12
2021-02-01,Bacău,pm10,12
2021-02-02,Bacău,pm10,21
2021-02-03,Bacău,pm10,17
2021-02-04,Bacău,pm10,12
2021-02-05,Bacău,pm10,10
2021-02-06,Bacău,pm10,14
2021-02-07,Bacău,pm10,12
2021-02-08,Bacău,pm10,7
2021-02-09,Bacău,pm10,9
2021-02-10,Bacău,pm10,13
2021-02-11,Bacău,pm10,24
2021-02-12,Bacău,pm10,15
2021-02-13,Bacău,pm10,10
2021-02-14,Bacău,pm10,7
2021-02-15,Bacău,pm10,9
2021-02-16,Bacău,pm10,9
2021-02-17,Bacău,pm10,11
2021-02-18,Bacău,pm10,26
2021-02-19,Bacău,pm10,15
2021-02-20,Bacău,pm10,14
2021-02-21,Bacău,pm10,34
2021-02-22,Bacău,pm10,31
2021-02-23,Bacău,pm10,27
2021-02-24,Bacău,pm10,29
2021-02-25,Bacău,pm10,27
2021-02-26,Bacău,pm10,25
2021-02-27,Bacău,pm10,26
2020-12-28,Baia Mare,pm10,8
2020-12-29,Baia Mare,pm10,7
2020-12-30,Baia Mare,pm10,8
2020-12-31,Baia Mare,pm10,13
2021-01-01,Baia Mare,pm10,14
2021-01-02,Baia Mare,pm10,10
2021-01-03,Baia Mare,pm10,10
2021-01-04,Baia Mare,pm10,13
2021-01-05,Baia Mare,pm10,16
2021-01-06,Baia Mare,pm10,12
2021-01-07,Baia Mare,pm10,12
2021-01-08,Baia Mare,pm10,13
2021-01-09,Baia Mare,pm10,19
2021-01-10,Baia Mare,pm10,23
2021-01-11,Baia Mare,pm10,27
2021-01-12,Baia Mare,pm10,22
2021-01-13,Baia Mare,pm10,22
2021-01-14,Baia Mare,pm10,28
2021-01-15,Baia Mare,pm10,23
2021-01-16,Baia Mare,pm10,26
2021-01-17,Baia Mare,pm10,26
2021-01-18,Baia Mare,pm10,21
2021-01-19,Baia Mare,pm10,27
2021-01-20,Baia Mare,pm10,24
2021-01-21,Baia Mare,pm10,22
2021-01-22,Baia Mare,pm10,24
2021-01-23,Baia Mare,pm10,20
2021-01-24,Baia Mare,pm10,22
2021-01-25,Baia Mare,pm10,21
2021-01-26,Baia Mare,pm10,18
2021-01-27,Baia Mare,pm10,31
2021-01-28,Baia Mare,pm10,27
2021-01-29,Baia Mare,pm10,24
2021-01-30,Baia Mare,pm10,32
2021-01-31,Baia Mare,pm10,29
2021-02-01,Baia Mare,pm10,43
2021-02-02,Baia Mare,pm10,49
2021-02-03,Baia Mare,pm10,43
2021-02-04,Baia Mare,pm10,28
2021-02-05,Baia Mare,pm10,24
2021-02-06,Baia Mare,pm10,21
2021-02-07,Baia Mare,pm10,23
2021-02-08,Baia Mare,pm10,18
2021-02-09,Baia Mare,pm10,20
2021-02-10,Baia Mare,pm10,15
2021-02-11,Baia Mare,pm10,18
2021-02-12,Baia Mare,pm10,24
2021-02-13,Baia Mare,pm10,16
2021-02-14,Baia Mare,pm10,23
2021-02-15,Baia Mare,pm10,30
2021-02-16,Baia Mare,pm10,22
2021-02-17,Baia Mare,pm10,21
2021-02-18,Baia Mare,pm10,22
2021-02-19,Baia Mare,pm10,30
2021-02-20,Baia Mare,pm10,35
2021-02-21,Baia Mare,pm10,31
2021-02-22,Baia Mare,pm10,33
2021-02-23,Baia Mare,pm10,32
2021-02-24,Baia Mare,pm10,36
2021-02-25,Baia Mare,pm10,32
2021-02-26,Baia Mare,pm10,25
2021-02-27,Baia Mare,pm10,23
2020-12-28,Brăila,pm10,4
2020-12-29,Brăila,pm10,7
2020-12-30,Brăila,pm10,6
2020-12-31,Brăila,pm10,10
2021-01-01,Brăila,pm10,8
2021-01-02,Brăila,pm10,11
2021-01-03,Brăila,pm10,11
2021-01-04,Brăila,pm10,10
2021-01-05,Brăila,pm10,11
2021-01-06,Brăila,pm10,10
2021-01-07,Brăila,pm10,8
2021-01-08,Brăila,pm10,9
2021-01-09,Brăila,pm10,10
2021-01-10,Brăila,pm10,14
2021-01-11,Brăila,pm10,11
2021-01-12,Brăila,pm10,12
2021-01-13,Brăila,pm10,12
2021-01-14,Brăila,pm10,12
2021-01-15,Brăila,pm10,13
2021-01-16,Brăila,pm10,11
2021-01-17,Brăila,pm10,6
2021-01-18,Brăila,pm10,14
2021-01-19,Brăila,pm10,19
2021-01-20,Brăila,pm10,29
2021-01-21,Brăila,pm10,17
2021-01-22,Brăila,pm10,12
2021-01-23,Brăila,pm10,9
2021-01-24,Brăila,pm10,9
2021-01-25,Brăila,pm10,9
2021-01-26,Brăila,pm10,8
2021-01-27,Brăila,pm10,10
2021-01-28,Brăila,pm10,12
2021-01-29,Brăila,pm10,16
2021-01-30,Brăila,pm10,15
2021-01-31,Brăila,pm10,18
2021-02-01,Brăila,pm10,14
2021-02-02,Brăila,pm10,15
2021-02-03,Brăila,pm10,16
2021-02-04,Brăila,pm10,16
2021-02-05,Brăila,pm10,11
2021-02-06,Brăila,pm10,9
2021-02-07,Brăila,pm10,9
2021-02-08,Brăila,pm10,9
2021-02-09,Brăila,pm10,13
2021-02-10,Brăila,pm10,11
2021-02-11,Brăila,pm10,9
2021-02-12,Brăila,pm10,19
2021-02-13,Brăila,pm10,14
2021-02-14,Brăila,pm10,10
2021-02-15,Brăila,pm10,11
2021-02-16,Brăila,pm10,13
2021-02-17,Brăila,pm10,11
2021-02-18,Brăila,pm10,19
2021-02-19,Brăila,pm10,18
2021-02-20,Brăila,pm10,13
2021-02-21,Brăila,pm10,11
2021-02-22,Brăila,pm10,26
2021-02-23,Brăila,pm10,26
2021-02-24,Brăila,pm10,26
2021-02-25,Brăila,pm10,25
2021-02-26,Brăila,pm10,30
2021-02-27,Brăila,pm10,29
2020-12-28,Braşov,pm10,5
2020-12-29,Braşov,pm10,5
2020-12-30,Braşov,pm10,10
2020-12-31,Braşov,pm10,18
2021-01-01,Braşov,pm10,14
2021-01-02,Braşov,pm10,22
2021-01-03,Braşov,pm10,13
2021-01-04,Braşov,pm10,14
2021-01-05,Braşov,pm10,7
2021-01-06,Braşov,pm10,11
2021-01-07,Braşov,pm10,18
2021-01-08,Braşov,pm10,12
2021-01-09,Braşov,pm10,19
2021-01-10,Braşov,pm10,41
2021-01-11,Braşov,pm10,29
2021-01-12,Braşov,pm10,27
2021-01-13,Braşov,pm10,24
2021-01-14,Braşov,pm10,16
2021-01-15,Braşov,pm10,17
2021-01-16,Braşov,pm10,17
2021-01-17,Braşov,pm10,20
2021-01-18,Braşov,pm10,22
2021-01-19,Braşov,pm10,14
2021-01-20,Braşov,pm10,40
2021-01-21,Braşov,pm10,62
2021-01-22,Braşov,pm10,62
2021-01-23,Braşov,pm10,52
2021-01-24,Braşov,pm10,27
2021-01-25,Braşov,pm10,12
2021-01-26,Braşov,pm10,7
2021-01-27,Braşov,pm10,11
2021-01-28,Braşov,pm10,11
2021-01-29,Braşov,pm10,21
2021-01-30,Braşov,pm10,51
2021-01-31,Braşov,pm10,22
2021-02-01,Braşov,pm10,18
2021-02-02,Braşov,pm10,27
2021-02-03,Braşov,pm10,30
2021-02-04,Braşov,pm10,27
2021-02-05,Braşov,pm10,7
2021-02-06,Braşov,pm10,16
2021-02-07,Braşov,pm10,15
2021-02-08,Braşov,pm10,13
2021-02-09,Braşov,pm10,7
2021-02-10,Braşov,pm10,5
2021-02-11,Braşov,pm10,10
2021-02-12,Braşov,pm10,17
2021-02-13,Braşov,pm10,14
2021-02-14,Braşov,pm10,15
2021-02-15,Braşov,pm10,16
2021-02-16,Braşov,pm10,17
2021-02-17,Braşov,pm10,28
2021-02-18,Braşov,pm10,33
2021-02-19,Braşov,pm10,28
2021-02-20,Braşov,pm10,39
2021-02-21,Braşov,pm10,45
2021-02-22,Braşov,pm10,38
2021-02-23,Braşov,pm10,34
2021-02-24,Braşov,pm10,28
2021-02-25,Braşov,pm10,34
2021-02-26,Braşov,pm10,30
2021-02-27,Braşov,pm10,28
2020-12-28,Bucharest,pm10,11
2020-12-29,Bucharest,pm10,19
2020-12-30,Bucharest,pm10,47
2020-12-31,Bucharest,pm10,52
2021-01-01,Bucharest,pm10,30
2021-01-02,Bucharest,pm10,21
2021-01-03,Bucharest,pm10,23
2021-01-04,Bucharest,pm10,23
2021-01-05,Bucharest,pm10,26
2021-01-06,Bucharest,pm10,16
2021-01-07,Bucharest,pm10,36
2021-01-08,Bucharest,pm10,12
2021-01-09,Bucharest,pm10,9
2021-01-10,Bucharest,pm10,18
2021-01-11,Bucharest,pm10,11
2021-01-12,Bucharest,pm10,12
2021-01-13,Bucharest,pm10,14
2021-01-14,Bucharest,pm10,21
2021-01-15,Bucharest,pm10,24
2021-01-16,Bucharest,pm10,24
2021-01-17,Bucharest,pm10,19
2021-01-18,Bucharest,pm10,36
2021-01-19,Bucharest,pm10,47
2021-01-20,Bucharest,pm10,45
2021-01-21,Bucharest,pm10,29
2021-01-22,Bucharest,pm10,44
2021-01-23,Bucharest,pm10,62
2021-01-24,Bucharest,pm10,49
2021-01-25,Bucharest,pm10,27
2021-01-26,Bucharest,pm10,14
2021-01-27,Bucharest,pm10,18
2021-01-28,Bucharest,pm10,16
2021-01-29,Bucharest,pm10,19
2021-01-30,Bucharest,pm10,31
2021-01-31,Bucharest,pm10,24
2021-02-01,Bucharest,pm10,19
2021-02-02,Bucharest,pm10,23
2021-02-03,Bucharest,pm10,21
2021-02-04,Bucharest,pm10,17
2021-02-05,Bucharest,pm10,13
2021-02-06,Bucharest,pm10,27
2021-02-07,Bucharest,pm10,15
2021-02-08,Bucharest,pm10,9
2021-02-09,Bucharest,pm10,14
2021-02-10,Bucharest,pm10,25
2021-02-11,Bucharest,pm10,36
2021-02-12,Bucharest,pm10,26
2021-02-13,Bucharest,pm10,18
2021-02-14,Bucharest,pm10,15
2021-02-15,Bucharest,pm10,20
2021-02-16,Bucharest,pm10,17
2021-02-17,Bucharest,pm10,20
2021-02-18,Bucharest,pm10,29
2021-02-19,Bucharest,pm10,26
2021-02-20,Bucharest,pm10,31
2021-02-21,Bucharest,pm10,36
2021-02-22,Bucharest,pm10,37
2021-02-23,Bucharest,pm10,45
2021-02-24,Bucharest,pm10,58
2021-02-25,Bucharest,pm10,54
2021-02-26,Bucharest,pm10,66
2021-02-27,Bucharest,pm10,61
2020-12-28,Cluj-Napoca,pm10,11
2020-12-29,Cluj-Napoca,pm10,11
2020-12-30,Cluj-Napoca,pm10,35
2020-12-31,Cluj-Napoca,pm10,28
2021-01-01,Cluj-Napoca,pm10,29
2021-01-02,Cluj-Napoca,pm10,15
2021-01-03,Cluj-Napoca,pm10,22
2021-01-04,Cluj-Napoca,pm10,45
2021-01-05,Cluj-Napoca,pm10,55
2021-01-06,Cluj-Napoca,pm10,31
2021-01-07,Cluj-Napoca,pm10,24
2021-01-08,Cluj-Napoca,pm10,41
2021-01-09,Cluj-Napoca,pm10,30
2021-01-10,Cluj-Napoca,pm10,26
2021-01-11,Cluj-Napoca,pm10,40
2021-01-12,Cluj-Napoca,pm10,41
2021-01-13,Cluj-Napoca,pm10,38
2021-01-14,Cluj-Napoca,pm10,36
2021-01-15,Cluj-Napoca,pm10,26
2021-01-16,Cluj-Napoca,pm10,14
2021-01-17,Cluj-Napoca,pm10,27
2021-01-18,Cluj-Napoca,pm10,37
2021-01-19,Cluj-Napoca,pm10,47
2021-01-20,Cluj-Napoca,pm10,50
2021-01-21,Cluj-Napoca,pm10,59
2021-01-22,Cluj-Napoca,pm10,66
2021-01-23,Cluj-Napoca,pm10,57
2021-01-24,Cluj-Napoca,pm10,46
2021-01-25,Cluj-Napoca,pm10,16
2021-01-26,Cluj-Napoca,pm10,16
2021-01-27,Cluj-Napoca,pm10,22
2021-01-28,Cluj-Napoca,pm10,19
2021-01-29,Cluj-Napoca,pm10,25
2021-01-30,Cluj-Napoca,pm10,33
2021-01-31,Cluj-Napoca,pm10,29
2021-02-01,Cluj-Napoca,pm10,33
2021-02-02,Cluj-Napoca,pm10,38
2021-02-03,Cluj-Napoca,pm10,35
2021-02-04,Cluj-Napoca,pm10,40
2021-02-05,Cluj-Napoca,pm10,15
2021-02-06,Cluj-Napoca,pm10,28
2021-02-07,Cluj-Napoca,pm10,50
2021-02-08,Cluj-Napoca,pm10,45
2021-02-09,Cluj-Napoca,pm10,24
2021-02-10,Cluj-Napoca,pm10,14
2021-02-11,Cluj-Napoca,pm10,19
2021-02-12,Cluj-Napoca,pm10,25
2021-02-13,Cluj-Napoca,pm10,15
2021-02-14,Cluj-Napoca,pm10,16
2021-02-15,Cluj-Napoca,pm10,16
2021-02-16,Cluj-Napoca,pm10,17
2021-02-17,Cluj-Napoca,pm10,25
2021-02-18,Cluj-Napoca,pm10,41
2021-02-19,Cluj-Napoca,pm10,49
2021-02-20,Cluj-Napoca,pm10,48
2021-02-21,Cluj-Napoca,pm10,38
2021-02-22,Cluj-Napoca,pm10,21
2021-02-23,Cluj-Napoca,pm10,20
2021-02-24,Cluj-Napoca,pm10,30
2021-02-25,Cluj-Napoca,pm10,42
2021-02-26,Cluj-Napoca,pm10,44
2021-02-27,Cluj-Napoca,pm10,39
2020-12-28,Constanţa,pm10,9
2020-12-29,Constanţa,pm10,9
2020-12-30,Constanţa,pm10,5
2020-12-31,Constanţa,pm10,6
2021-01-01,Constanţa,pm10,11
2021-01-02,Constanţa,pm10,7
2021-01-03,Constanţa,pm10,2
2021-01-04,Constanţa,pm10,3
2021-01-05,Constanţa,pm10,15
2021-01-06,Constanţa,pm10,13
2021-01-07,Constanţa,pm10,9
2021-01-08,Constanţa,pm10,6
2021-01-09,Constanţa,pm10,9
2021-01-10,Constanţa,pm10,12
2021-01-11,Constanţa,pm10,8
2021-01-12,Constanţa,pm10,6
2021-01-13,Constanţa,pm10,11
2021-01-14,Constanţa,pm10,23
2021-01-15,Constanţa,pm10,24
2021-01-16,Constanţa,pm10,28
2021-01-17,Constanţa,pm10,17
2021-01-18,Constanţa,pm10,29
2021-01-19,Constanţa,pm10,26
2021-01-20,Constanţa,pm10,19
2021-01-21,Constanţa,pm10,17
2021-01-22,Constanţa,pm10,15
2021-01-23,Constanţa,pm10,16
2021-01-24,Constanţa,pm10,11
2021-01-25,Constanţa,pm10,8
2021-01-26,Constanţa,pm10,7
2021-01-27,Constanţa,pm10,7
2021-01-28,Constanţa,pm10,12
2021-01-29,Constanţa,pm10,13
2021-01-30,Constanţa,pm10,14
2021-01-31,Constanţa,pm10,13
2021-02-01,Constanţa,pm10,9
2021-02-02,Constanţa,pm10,12
2021-02-03,Constanţa,pm10,13
2021-02-04,Constanţa,pm10,12
2021-02-05,Constanţa,pm10,12
2021-02-06,Constanţa,pm10,11
2021-02-07,Constanţa,pm10,8
2021-02-08,Constanţa,pm10,11
2021-02-09,Constanţa,pm10,10
2021-02-10,Constanţa,pm10,9
2021-02-11,Constanţa,pm10,9
2021-02-12,Constanţa,pm10,14
2021-02-13,Constanţa,pm10,18
2021-02-14,Constanţa,pm10,14
2021-02-15,Constanţa,pm10,15
2021-02-16,Constanţa,pm10,12
2021-02-17,Constanţa,pm10,10
2021-02-18,Constanţa,pm10,18
2021-02-19,Constanţa,pm10,18
2021-02-20,Constanţa,pm10,18
2021-02-21,Constanţa,pm10,12
2021-02-22,Constanţa,pm10,20
2021-02-23,Constanţa,pm10,26
2021-02-24,Constanţa,pm10,17
2021-02-25,Constanţa,pm10,23
2021-02-26,Constanţa,pm10,27
2021-02-27,Constanţa,pm10,25
2020-12-28,Craiova,pm10,13
2020-12-29,Craiova,pm10,17
2020-12-30,Craiova,pm10,24
2020-12-31,Craiova,pm10,27
2021-01-01,Craiova,pm10,38
2021-01-02,Craiova,pm10,26
2021-01-03,Craiova,pm10,23
2021-01-04,Craiova,pm10,22
2021-01-05,Craiova,pm10,19
2021-01-06,Craiova,pm10,19
2021-01-07,Craiova,pm10,22
2021-01-08,Craiova,pm10,16
2021-01-09,Craiova,pm10,23
2021-01-10,Craiova,pm10,19
2021-01-11,Craiova,pm10,15
2021-01-12,Craiova,pm10,14
2021-01-13,Craiova,pm10,18
2021-01-14,Craiova,pm10,19
2021-01-15,Craiova,pm10,18
2021-01-16,Craiova,pm10,21
2021-01-17,Craiova,pm10,29
2021-01-18,Craiova,pm10,36
2021-01-19,Craiova,pm10,29
2021-01-20,Craiova,pm10,31
2021-01-21,Craiova,pm10,31
2021-01-22,Craiova,pm10,48
2021-01-23,Craiova,pm10,47
2021-01-24,Craiova,pm10,43
2021-01-25,Craiova,pm10,27
2021-01-26,Craiova,pm10,19
2021-01-27,Craiova,pm10,19
2021-01-28,Craiova,pm10,18
2021-01-29,Craiova,pm10,21
2021-01-30,Craiova,pm10,31
2021-01-31,Craiova,pm10,28
2021-02-01,Craiova,pm10,24
2021-02-02,Craiova,pm10,25
2021-02-03,Craiova,pm10,23
2021-02-04,Craiova,pm10,18
2021-02-05,Craiova,pm10,19
2021-02-06,Craiova,pm10,31
2021-02-07,Craiova,pm10,26
2021-02-08,Craiova,pm10,18
2021-02-09,Craiova,pm10,19
2021-02-10,Craiova,pm10,21
2021-02-11,Craiova,pm10,20
2021-02-12,Craiova,pm10,23
2021-02-13,Craiova,pm10,24
2021-02-14,Craiova,pm10,23
2021-02-15,Craiova,pm10,28
2021-02-16,Craiova,pm10,26
2021-02-17,Craiova,pm10,33
2021-02-18,Craiova,pm10,35
2021-02-19,Craiova,pm10,30
2021-02-20,Craiova,pm10,38
2021-02-21,Craiova,pm10,52
2021-02-22,Craiova,pm10,35
2021-02-23,Craiova,pm10,33
2021-02-24,Craiova,pm10,52
2021-02-25,Craiova,pm10,49
2021-02-26,Craiova,pm10,49
2021-02-27,Craiova,pm10,41
2020-12-28,Galaţi,pm10,6
2020-12-29,Galaţi,pm10,6
2020-12-30,Galaţi,pm10,5
2020-12-31,Galaţi,pm10,5
2021-01-01,Galaţi,pm10,12
2021-01-02,Galaţi,pm10,13
2021-01-03,Galaţi,pm10,8
2021-01-04,Galaţi,pm10,10
2021-01-05,Galaţi,pm10,16
2021-01-06,Galaţi,pm10,13
2021-01-07,Galaţi,pm10,11
2021-01-08,Galaţi,pm10,13
2021-01-09,Galaţi,pm10,10
2021-01-10,Galaţi,pm10,30
2021-01-11,Galaţi,pm10,20
2021-01-12,Galaţi,pm10,21
2021-01-13,Galaţi,pm10,21
2021-01-14,Galaţi,pm10,20
2021-01-15,Galaţi,pm10,19
2021-01-16,Galaţi,pm10,10
2021-01-17,Galaţi,pm10,11
2021-01-18,Galaţi,pm10,24
2021-01-19,Galaţi,pm10,33
2021-01-20,Galaţi,pm10,41
2021-01-21,Galaţi,pm10,25
2021-01-22,Galaţi,pm10,16
2021-01-23,Galaţi,pm10,10
2021-01-24,Galaţi,pm10,6
2021-01-25,Galaţi,pm10,6
2021-01-26,Galaţi,pm10,6
2021-01-27,Galaţi,pm10,7
2021-01-28,Galaţi,pm10,12
2021-01-29,Galaţi,pm10,12
2021-01-30,Galaţi,pm10,9
2021-01-31,Galaţi,pm10,14
2021-02-01,Galaţi,pm10,9
2021-02-02,Galaţi,pm10,12
2021-02-03,Galaţi,pm10,11
2021-02-04,Galaţi,pm10,10
2021-02-05,Galaţi,pm10,11
2021-02-06,Galaţi,pm10,9
2021-02-07,Galaţi,pm10,9
2021-02-08,Galaţi,pm10,8
2021-02-09,Galaţi,pm10,10
2021-02-10,Galaţi,pm10,10
2021-02-11,Galaţi,pm10,10
2021-02-12,Galaţi,pm10,17
2021-02-13,Galaţi,pm10,13
2021-02-14,Galaţi,pm10,13
2021-02-15,Galaţi,pm10,13
2021-02-16,Galaţi,pm10,10
2021-02-17,Galaţi,pm10,9
2021-02-18,Galaţi,pm10,16
2021-02-19,Galaţi,pm10,15
2021-02-20,Galaţi,pm10,12
2021-02-21,Galaţi,pm10,12
2021-02-22,Galaţi,pm10,27
2021-02-23,Galaţi,pm10,25
2021-02-24,Galaţi,pm10,21
2021-02-25,Galaţi,pm10,22
2021-02-26,Galaţi,pm10,26
2021-02-27,Galaţi,pm10,26
2020-12-28,Iaşi,pm10,12
2020-12-29,Iaşi,pm10,12
2020-12-30,Iaşi,pm10,10
2020-12-31,Iaşi,pm10,14
2021-01-01,Iaşi,pm10,21
2021-01-02,Iaşi,pm10,27
2021-01-03,Iaşi,pm10,14
2021-01-04,Iaşi,pm10,9
2021-01-05,Iaşi,pm10,12
2021-01-06,Iaşi,pm10,10
2021-01-07,Iaşi,pm10,16
2021-01-08,Iaşi,pm10,35
2021-01-09,Iaşi,pm10,29
2021-01-10,Iaşi,pm10,43
2021-01-11,Iaşi,pm10,51
2021-01-12,Iaşi,pm10,37
2021-01-13,Iaşi,pm10,26
2021-01-14,Iaşi,pm10,22
2021-01-15,Iaşi,pm10,31
2021-01-16,Iaşi,pm10,12
2021-01-17,Iaşi,pm10,31
2021-01-18,Iaşi,pm10,30
2021-01-19,Iaşi,pm10,37
2021-01-20,Iaşi,pm10,53
2021-01-21,Iaşi,pm10,51
2021-01-22,Iaşi,pm10,39
2021-01-23,Iaşi,pm10,31
2021-01-24,Iaşi,pm10,18
2021-01-25,Iaşi,pm10,16
2021-01-26,Iaşi,pm10,13
2021-01-27,Iaşi,pm10,19
2021-01-28,Iaşi,pm10,15
2021-01-29,Iaşi,pm10,19
2021-01-30,Iaşi,pm10,25
2021-01-31,Iaşi,pm10,25
2021-02-01,Iaşi,pm10,15
2021-02-02,Iaşi,pm10,23
2021-02-03,Iaşi,pm10,27
2021-02-04,Iaşi,pm10,20
2021-02-05,Iaşi,pm10,14
2021-02-06,Iaşi,pm10,17
2021-02-07,Iaşi,pm10,14
2021-02-08,Iaşi,pm10,9
2021-02-09,Iaşi,pm10,12
2021-02-10,Iaşi,pm10,24
2021-02-11,Iaşi,pm10,41
2021-02-12,Iaşi,pm10,26
2021-02-13,Iaşi,pm10,8
2021-02-14,Iaşi,pm10,8
2021-02-15,Iaşi,pm10,16
2021-02-16,Iaşi,pm10,13
2021-02-17,Iaşi,pm10,16
2021-02-18,Iaşi,pm10,22
2021-02-19,Iaşi,pm10,19
2021-02-20,Iaşi,pm10,20
2021-02-21,Iaşi,pm10,49
2021-02-22,Iaşi,pm10,52
2021-02-23,Iaşi,pm10,45
2021-02-24,Iaşi,pm10,62
2021-02-25,Iaşi,pm10,60
2021-02-26,Iaşi,pm10,54
2021-02-27,Iaşi,pm10,56
2020-12-28,Oradea,pm10,21
2020-12-29,Oradea,pm10,10
2020-12-30,Oradea,pm10,13
2020-12-31,Oradea,pm10,22
2021-01-01,Oradea,pm10,22
2021-01-02,Oradea,pm10,15
2021-01-03,Oradea,pm10,15
2021-01-04,Oradea,pm10,25
2021-01-05,Oradea,pm10,25
2021-01-06,Oradea,pm10,24
2021-01-07,Oradea,pm10,21
2021-01-08,Oradea,pm10,33
2021-01-09,Oradea,pm10,39
2021-01-10,Oradea,pm10,31
2021-01-11,Oradea,pm10,31
2021-01-12,Oradea,pm10,39
2021-01-13,Oradea,pm10,34
2021-01-14,Oradea,pm10,33
2021-01-15,Oradea,pm10,40
2021-01-16,Oradea,pm10,39
2021-01-17,Oradea,pm10,33
2021-01-18,Oradea,pm10,39
2021-01-19,Oradea,pm10,42
2021-01-20,Oradea,pm10,29
2021-01-21,Oradea,pm10,23
2021-01-22,Oradea,pm10,12
2021-01-23,Oradea,pm10,13
2021-01-24,Oradea,pm10,14
2021-01-25,Oradea,pm10,21
2021-01-26,Oradea,pm10,24
2021-01-27,Oradea,pm10,33
2021-01-28,Oradea,pm10,44
2021-01-29,Oradea,pm10,23
2021-01-30,Oradea,pm10,18
2021-01-31,Oradea,pm10,15
2021-02-01,Oradea,pm10,23
2021-02-02,Oradea,pm10,31
2021-02-03,Oradea,pm10,31
2021-02-04,Oradea,pm10,17
2021-02-05,Oradea,pm10,19
2021-02-06,Oradea,pm10,31
2021-02-07,Oradea,pm10,31
2021-02-08,Oradea,pm10,43
2021-02-09,Oradea,pm10,18
2021-02-10,Oradea,pm10,18
2021-02-11,Oradea,pm10,21
2021-02-12,Oradea,pm10,25
2021-02-13,Oradea,pm10,28
2021-02-14,Oradea,pm10,28
2021-02-15,Oradea,pm10,31
2021-02-16,Oradea,pm10,32
2021-02-17,Oradea,pm10,27
2021-02-18,Oradea,pm10,25
2021-02-19,Oradea,pm10,29
2021-02-20,Oradea,pm10,25
2021-02-21,Oradea,pm10,38
2021-02-22,Oradea,pm10,39
2021-02-23,Oradea,pm10,40
2021-02-24,Oradea,pm10,37
2021-02-25,Oradea,pm10,48
2021-02-26,Oradea,pm10,49
2021-02-27,Oradea,pm10,42
2020-12-28,Piteşti,pm10,13
2020-12-29,Piteşti,pm10,35
2020-12-30,Piteşti,pm10,34
2020-12-31,Piteşti,pm10,39
2021-01-01,Piteşti,pm10,45
2021-01-02,Piteşti,pm10,26
2021-01-03,Piteşti,pm10,31
2021-01-04,Piteşti,pm10,22
2021-01-05,Piteşti,pm10,18
2021-01-06,Piteşti,pm10,18
2021-01-07,Piteşti,pm10,24
2021-01-08,Piteşti,pm10,23
2021-01-09,Piteşti,pm10,24
2021-01-10,Piteşti,pm10,25
2021-01-11,Piteşti,pm10,14
2021-01-12,Piteşti,pm10,12
2021-01-13,Piteşti,pm10,18
2021-01-14,Piteşti,pm10,18
2021-01-15,Piteşti,pm10,30
2021-01-16,Piteşti,pm10,31
2021-01-17,Piteşti,pm10,32
2021-01-18,Piteşti,pm10,37
2021-01-19,Piteşti,pm10,39
2021-01-20,Piteşti,pm10,52
2021-01-21,Piteşti,pm10,48
2021-01-22,Piteşti,pm10,47
2021-01-23,Piteşti,pm10,43
2021-01-24,Piteşti,pm10,40
2021-01-25,Piteşti,pm10,30
2021-01-26,Piteşti,pm10,18
2021-01-27,Piteşti,pm10,21
2021-01-28,Piteşti,pm10,18
2021-01-29,Piteşti,pm10,29
2021-01-30,Piteşti,pm10,45
2021-01-31,Piteşti,pm10,31
2021-02-01,Piteşti,pm10,23
2021-02-02,Piteşti,pm10,24
2021-02-03,Piteşti,pm10,24
2021-02-04,Piteşti,pm10,27
2021-02-05,Piteşti,pm10,18
2021-02-06,Piteşti,pm10,37
2021-02-07,Piteşti,pm10,26
2021-02-08,Piteşti,pm10,16
2021-02-09,Piteşti,pm10,24
2021-02-10,Piteşti,pm10,23
2021-02-11,Piteşti,pm10,23
2021-02-12,Piteşti,pm10,14
2021-02-13,Piteşti,pm10,14
2021-02-14,Piteşti,pm10,20
2021-02-15,Piteşti,pm10,21
2021-02-16,Piteşti,pm10,22
2021-02-17,Piteşti,pm10,30
2021-02-18,Piteşti,pm10,43
2021-02-19,Piteşti,pm10,34
2021-02-20,Piteşti,pm10,44
2021-02-21,Piteşti,pm10,45
2021-02-22,Piteşti,pm10,39
2021-02-23,Piteşti,pm10,35
2021-02-24,Piteşti,pm10,39
2021-02-25,Piteşti,pm10,39
2021-02-26,Piteşti,pm10,39
2021-02-27,Piteşti,pm10,32
2020-12-28,Ploieşti,pm10,11
2020-12-29,Ploieşti,pm10,29
2020-12-30,Ploieşti,pm10,23
2020-12-31,Ploieşti,pm10,31
2021-01-01,Ploieşti,pm10,34
2021-01-02,Ploieşti,pm10,21
2021-01-03,Ploieşti,pm10,21
2021-01-04,Ploieşti,pm10,20
2021-01-05,Ploieşti,pm10,19
2021-01-06,Ploieşti,pm10,17
2021-01-07,Ploieşti,pm10,26
2021-01-08,Ploieşti,pm10,18
2021-01-09,Ploieşti,pm10,13
2021-01-10,Ploieşti,pm10,23
2021-01-11,Ploieşti,pm10,16
2021-01-12,Ploieşti,pm10,14
2021-01-13,Ploieşti,pm10,17
2021-01-14,Ploieşti,pm10,21
2021-01-15,Ploieşti,pm10,26
2021-01-16,Ploieşti,pm10,25
2021-01-17,Ploieşti,pm10,28
2021-01-18,Ploieşti,pm10,29
2021-01-19,Ploieşti,pm10,39
2021-01-20,Ploieşti,pm10,48
2021-01-21,Ploieşti,pm10,49
2021-01-22,Ploieşti,pm10,37
2021-01-23,Ploieşti,pm10,38
2021-01-24,Ploieşti,pm10,36
2021-01-25,Ploieşti,pm10,26
2021-01-26,Ploieşti,pm10,17
2021-01-27,Ploieşti,pm10,19
2021-01-28,Ploieşti,pm10,16
2021-01-29,Ploieşti,pm10,20
2021-01-30,Ploieşti,pm10,37
2021-01-31,Ploieşti,pm10,24
2021-02-01,Ploieşti,pm10,19
2021-02-02,Ploieşti,pm10,23
2021-02-03,Ploieşti,pm10,24
2021-02-04,Ploieşti,pm10,24
2021-02-05,Ploieşti,pm10,12
2021-02-06,Ploieşti,pm10,33
2021-02-07,Ploieşti,pm10,16
2021-02-08,Ploieşti,pm10,13
2021-02-09,Ploieşti,pm10,19
2021-02-10,Ploieşti,pm10,17
2021-02-11,Ploieşti,pm10,22
2021-02-12,Ploieşti,pm10,20
2021-02-13,Ploieşti,pm10,14
2021-02-14,Ploieşti,pm10,12
2021-02-15,Ploieşti,pm10,16
2021-02-16,Ploieşti,pm10,16
2021-02-17,Ploieşti,pm10,16
2021-02-18,Ploieşti,pm10,26
2021-02-19,Ploieşti,pm10,22
2021-02-20,Ploieşti,pm10,33
2021-02-21,Ploieşti,pm10,38
2021-02-22,Ploieşti,pm10,37
2021-02-23,Ploieşti,pm10,47
2021-02-24,Ploieşti,pm10,46
2021-02-25,Ploieşti,pm10,39
2021-02-26,Ploieşti,pm10,31
2021-02-27,Ploieşti,pm10,23
2020-12-28,Râmnicu Vâlcea,pm10,9
2020-12-29,Râmnicu Vâlcea,pm10,16
2020-12-30,Râmnicu Vâlcea,pm10,16
2020-12-31,Râmnicu Vâlcea,pm10,18
2021-01-01,Râmnicu Vâlcea,pm10,19
2021-01-02,Râmnicu Vâlcea,pm10,15
2021-01-03,Râmnicu Vâlcea,pm10,15
2021-01-04,Râmnicu Vâlcea,pm10,17
2021-01-05,Râmnicu Vâlcea,pm10,12
2021-01-06,Râmnicu Vâlcea,pm10,14
2021-01-07,Râmnicu Vâlcea,pm10,14
2021-01-08,Râmnicu Vâlcea,pm10,14
2021-01-09,Râmnicu Vâlcea,pm10,13
2021-01-10,Râmnicu Vâlcea,pm10,13
2021-01-11,Râmnicu Vâlcea,pm10,10
2021-01-12,Râmnicu Vâlcea,pm10,12
2021-01-13,Râmnicu Vâlcea,pm10,11
2021-01-14,Râmnicu Vâlcea,pm10,13
2021-01-15,Râmnicu Vâlcea,pm10,16
2021-01-16,Râmnicu Vâlcea,pm10,12
2021-01-17,Râmnicu Vâlcea,pm10,11
2021-01-18,Râmnicu Vâlcea,pm10,16
2021-01-19,Râmnicu Vâlcea,pm10,16
2021-01-20,Râmnicu Vâlcea,pm10,22
2021-01-21,Râmnicu Vâlcea,pm10,22
2021-01-22,Râmnicu Vâlcea,pm10,21
2021-01-23,Râmnicu Vâlcea,pm10,21
2021-01-24,Râmnicu Vâlcea,pm10,18
2021-01-25,Râmnicu Vâlcea,pm10,14
2021-01-26,Râmnicu Vâlcea,pm10,13
2021-01-27,Râmnicu Vâlcea,pm10,14
2021-01-28,Râmnicu Vâlcea,pm10,10
2021-01-29,Râmnicu Vâlcea,pm10,16
2021-01-30,Râmnicu Vâlcea,pm10,20
2021-01-31,Râmnicu Vâlcea,pm10,16
2021-02-01,Râmnicu Vâlcea,pm10,14
2021-02-02,Râmnicu Vâlcea,pm10,12
2021-02-03,Râmnicu Vâlcea,pm10,13
2021-02-04,Râmnicu Vâlcea,pm10,14
2021-02-05,Râmnicu Vâlcea,pm10,16
2021-02-06,Râmnicu Vâlcea,pm10,17
2021-02-07,Râmnicu Vâlcea,pm10,14
2021-02-08,Râmnicu Vâlcea,pm10,11
2021-02-09,Râmnicu Vâlcea,pm10,14
2021-02-10,Râmnicu Vâlcea,pm10,15
2021-02-11,Râmnicu Vâlcea,pm10,14
2021-02-12,Râmnicu Vâlcea,pm10,10
2021-02-13,Râmnicu Vâlcea,pm10,10
2021-02-14,Râmnicu Vâlcea,pm10,10
2021-02-15,Râmnicu Vâlcea,pm10,11
2021-02-16,Râmnicu Vâlcea,pm10,9
2021-02-17,Râmnicu Vâlcea,pm10,16
2021-02-18,Râmnicu Vâlcea,pm10,22
2021-02-19,Râmnicu Vâlcea,pm10,15
2021-02-20,Râmnicu Vâlcea,pm10,17
2021-02-21,Râmnicu Vâlcea,pm10,29
2021-02-22,Râmnicu Vâlcea,pm10,25
2021-02-23,Râmnicu Vâlcea,pm10,23
2021-02-24,Râmnicu Vâlcea,pm10,21
2021-02-25,Râmnicu Vâlcea,pm10,23
2021-02-26,Râmnicu Vâlcea,pm10,22
2021-02-27,Râmnicu Vâlcea,pm10,19
2020-12-28,Sibiu,pm10,7
2020-12-29,Sibiu,pm10,2
2020-12-30,Sibiu,pm10,2
2020-12-31,Sibiu,pm10,9
2021-01-01,Sibiu,pm10,22
2021-01-02,Sibiu,pm10,28
2021-01-03,Sibiu,pm10,13
2021-01-04,Sibiu,pm10,16
2021-01-05,Sibiu,pm10,16
2021-01-06,Sibiu,pm10,18
2021-01-07,Sibiu,pm10,17
2021-01-08,Sibiu,pm10,32
2021-01-09,Sibiu,pm10,42
2021-01-10,Sibiu,pm10,45
2021-01-11,Sibiu,pm10,50
2021-01-12,Sibiu,pm10,53
2021-01-13,Sibiu,pm10,42
2021-01-14,Sibiu,pm10,26
2021-01-15,Sibiu,pm10,30
2021-01-16,Sibiu,pm10,28
2021-01-17,Sibiu,pm10,48
2021-01-18,Sibiu,pm10,55
2021-01-19,Sibiu,pm10,35
2021-01-20,Sibiu,pm10,49
2021-01-21,Sibiu,pm10,52
2021-01-22,Sibiu,pm10,57
2021-01-23,Sibiu,pm10,33
2021-01-24,Sibiu,pm10,8
2021-01-25,Sibiu,pm10,3
2021-01-26,Sibiu,pm10,15
2021-01-27,Sibiu,pm10,21
2021-01-28,Sibiu,pm10,18
2021-01-29,Sibiu,pm10,22
2021-01-30,Sibiu,pm10,30
2021-01-31,Sibiu,pm10,32
2021-02-01,Sibiu,pm10,27
2021-02-02,Sibiu,pm10,32
2021-02-03,Sibiu,pm10,53
2021-02-04,Sibiu,pm10,30
2021-02-05,Sibiu,pm10,15
2021-02-06,Sibiu,pm10,43
2021-02-07,Sibiu,pm10,37
2021-02-08,Sibiu,pm10,14
2021-02-09,Sibiu,pm10,12
2021-02-10,Sibiu,pm10,17
2021-02-11,Sibiu,pm10,17
2021-02-12,Sibiu,pm10,18
2021-02-13,Sibiu,pm10,20
2021-02-14,Sibiu,pm10,20
2021-02-15,Sibiu,pm10,22
2021-02-16,Sibiu,pm10,22
2021-02-17,Sibiu,pm10,26
2021-02-18,Sibiu,pm10,47
2021-02-19,Sibiu,pm10,52
2021-02-20,Sibiu,pm10,40
2021-02-21,Sibiu,pm10,43
2021-02-22,Sibiu,pm10,31
2021-02-23,Sibiu,pm10,32
2021-02-24,Sibiu,pm10,60
2021-02-25,Sibiu,pm10,58
2021-02-26,Sibiu,pm10,50
2021-02-27,Sibiu,pm10,38
2020-12-28,Timişoara,pm10,11
2020-12-29,Timişoara,pm10,9
2020-12-30,Timişoara,pm10,13
2020-12-31,Timişoara,pm10,14
2021-01-01,Timişoara,pm10,17
2021-01-02,Timişoara,pm10,12
2021-01-03,Timişoara,pm10,10
2021-01-04,Timişoara,pm10,10
2021-01-05,Timişoara,pm10,19
2021-01-06,Timişoara,pm10,17
2021-01-07,Timişoara,pm10,11
2021-01-08,Timişoara,pm10,15
2021-01-09,Timişoara,pm10,21
2021-01-10,Timişoara,pm10,22
2021-01-11,Timişoara,pm10,23
2021-01-12,Timişoara,pm10,27
2021-01-13,Timişoara,pm10,24
2021-01-14,Timişoara,pm10,17
2021-01-15,Timişoara,pm10,15
2021-01-16,Timişoara,pm10,16
2021-01-17,Timişoara,pm10,28
2021-01-18,Timişoara,pm10,27
2021-01-19,Timişoara,pm10,30
2021-01-20,Timişoara,pm10,26
2021-01-21,Timişoara,pm10,19
2021-01-22,Timişoara,pm10,16
2021-01-23,Timişoara,pm10,15
2021-01-24,Timişoara,pm10,14
2021-01-25,Timişoara,pm10,8
2021-01-26,Timişoara,pm10,20
2021-01-27,Timişoara,pm10,23
2021-01-28,Timişoara,pm10,23
2021-01-29,Timişoara,pm10,21
2021-01-30,Timişoara,pm10,23
2021-01-31,Timişoara,pm10,20
2021-02-01,Timişoara,pm10,21
2021-02-02,Timişoara,pm10,25
2021-02-03,Timişoara,pm10,25
2021-02-04,Timişoara,pm10,21
2021-02-05,Timişoara,pm10,19
2021-02-06,Timişoara,pm10,27
2021-02-07,Timişoara,pm10,26
2021-02-08,Timişoara,pm10,11
2021-02-09,Timişoara,pm10,13
2021-02-10,Timişoara,pm10,16
2021-02-11,Timişoara,pm10,15
2021-02-12,Timişoara,pm10,22
2021-02-13,Timişoara,pm10,29
2021-02-14,Timişoara,pm10,24
2021-02-15,Timişoara,pm10,22
2021-02-16,Timişoara,pm10,30
2021-02-17,Timişoara,pm10,23
2021-02-18,Timişoara,pm10,27
2021-02-19,Timişoara,pm10,25
2021-02-20,Timişoara,pm10,23
2021-02-21,Timişoara,pm10,35
2021-02-22,Timişoara,pm10,27
2021-02-23,Timişoara,pm10,29
2021-02-24,Timişoara,pm10,46
2021-02-25,Timişoara,pm10,55
2021-02-26,Timişoara,pm10,40
2021-02-27,Timişoara,pm10,44
2020-12-28,Arad,so2,3.9
2020-12-29,Arad,so2,4.4
2020-12-30,Arad,so2,4.1
2020-12-31,Arad,so2,4
2021-01-01,Arad,so2,4.4
2021-01-02,Arad,so2,4.4
2021-01-03,Arad,so2,4.4
2021-01-04,Arad,so2,4
2021-01-05,Arad,so2,3.6
2021-01-06,Arad,so2,4.1
2021-01-07,Arad,so2,4.1
2021-01-08,Arad,so2,3.5
2021-01-09,Arad,so2,3.5
2021-01-10,Arad,so2,3.5
2021-01-11,Arad,so2,3.8
2021-01-12,Arad,so2,3.6
2021-01-13,Arad,so2,5.2
2021-01-14,Arad,so2,5.4
2021-01-15,Arad,so2,5.3
2021-01-16,Arad,so2,5.2
2021-01-17,Arad,so2,5
2021-01-18,Arad,so2,5.5
2021-01-19,Arad,so2,5.5
2021-01-20,Arad,so2,8
2021-01-21,Arad,so2,8
2021-01-22,Arad,so2,6.5
2021-01-23,Arad,so2,5.7
2021-01-24,Arad,so2,5.7
2021-01-25,Arad,so2,4.9
2021-01-26,Arad,so2,5
2021-01-27,Arad,so2,5.3
2021-01-28,Arad,so2,5.4
2021-01-29,Arad,so2,6.2
2021-01-30,Arad,so2,6.5
2021-01-31,Arad,so2,4.6
2021-02-01,Arad,so2,5.6
2021-02-02,Arad,so2,7.1
2021-02-03,Arad,so2,10.1
2021-02-04,Arad,so2,6.9
2021-02-05,Arad,so2,5.4
2021-02-06,Arad,so2,6.9
2021-02-07,Arad,so2,6
2021-02-08,Arad,so2,5.4
2021-02-09,Arad,so2,5.7
2021-02-10,Arad,so2,5.8
2021-02-11,Arad,so2,5.1
2021-02-12,Arad,so2,6.5
2021-02-13,Arad,so2,5.2
2021-02-14,Arad,so2,5.2
2021-02-15,Arad,so2,5.8
2021-02-16,Arad,so2,5.5
2021-02-17,Arad,so2,6.3
2021-02-18,Arad,so2,6.1
2021-02-19,Arad,so2,6.3
2021-02-20,Arad,so2,6
2021-02-21,Arad,so2,6.4
2021-02-22,Arad,so2,6.7
2021-02-23,Arad,so2,6.7
2021-02-24,Arad,so2,7.2
2021-02-25,Arad,so2,5.1
2021-02-26,Arad,so2,5.7
2021-02-27,Arad,so2,5
2020-12-28,Bacău,so2,4
2020-12-29,Bacău,so2,4.5
2020-12-30,Bacău,so2,3.7
2020-12-31,Bacău,so2,3.7
2021-01-01,Bacău,so2,4
2021-01-02,Bacău,so2,5.2
2021-01-03,Bacău,so2,4.6
2021-01-04,Bacău,so2,6.7
2021-01-05,Bacău,so2,5.6
2021-01-06,Bacău,so2,6.1
2021-01-07,Bacău,so2,4.3
2021-01-08,Bacău,so2,4.7
2021-01-09,Bacău,so2,4.9
2021-01-10,Bacău,so2,4.1
2021-01-11,Bacău,so2,2.8
2021-01-12,Bacău,so2,4.5
2021-01-13,Bacău,so2,3.8
2021-01-14,Bacău,so2,4.1
2021-01-15,Bacău,so2,5.1
2021-01-16,Bacău,so2,5
2021-01-17,Bacău,so2,4.9
2021-01-18,Bacău,so2,4.4
2021-01-19,Bacău,so2,3.8
2021-01-20,Bacău,so2,2.5
2021-01-21,Bacău,so2,3.6
2021-01-22,Bacău,so2,3.5
2021-01-23,Bacău,so2,3.6
2021-01-24,Bacău,so2,4.4
2021-01-25,Bacău,so2,3.3
2021-01-26,Bacău,so2,3.3
2021-01-27,Bacău,so2,3.5
2021-01-28,Bacău,so2,5.3
2021-01-29,Bacău,so2,4
2021-01-30,Bacău,so2,4.4
2021-01-31,Bacău,so2,4.6
2021-02-01,Bacău,so2,4.3
2021-02-02,Bacău,so2,5.6
2021-02-03,Bacău,so2,5.1
2021-02-04,Bacău,so2,4.8
2021-02-05,Bacău,so2,4.3
2021-02-06,Bacău,so2,4.2
2021-02-07,Bacău,so2,3.6
2021-02-08,Bacău,so2,4.1
2021-02-09,Bacău,so2,4.6
2021-02-10,Bacău,so2,4.9
2021-02-11,Bacău,so2,4.6
2021-02-12,Bacău,so2,4.6
2021-02-13,Bacău,so2,3.8
2021-02-14,Bacău,so2,4.5
2021-02-15,Bacău,so2,4.5
2021-02-16,Bacău,so2,4.1
2021-02-17,Bacău,so2,4.6
2021-02-18,Bacău,so2,4.6
2021-02-19,Bacău,so2,5
2021-02-20,Bacău,so2,4.5
2021-02-21,Bacău,so2,4.9
2021-02-22,Bacău,so2,5.2
2021-02-23,Bacău,so2,4.7
2021-02-24,Bacău,so2,5.1
2021-02-25,Bacău,so2,4.8
2021-02-26,Bacău,so2,4.7
2021-02-27,Bacău,so2,3.5
2020-12-28,Baia Mare,so2,4.4
2020-12-29,Baia Mare,so2,3.3
2020-12-30,Baia Mare,so2,3.1
2020-12-31,Baia Mare,so2,4.1
2021-01-01,Baia Mare,so2,5
2021-01-02,Baia Mare,so2,3.9
2021-01-03,Baia Mare,so2,4
2021-01-04,Baia Mare,so2,4
2021-01-05,Baia Mare,so2,3.1
2021-01-06,Baia Mare,so2,3.8
2021-01-07,Baia Mare,so2,3.6
2021-01-08,Baia Mare,so2,3.6
2021-01-09,Baia Mare,so2,3.9
2021-01-10,Baia Mare,so2,3.5
2021-01-11,Baia Mare,so2,4.2
2021-01-12,Baia Mare,so2,4.8
2021-01-13,Baia Mare,so2,3.7
2021-01-14,Baia Mare,so2,3.7
2021-01-15,Baia Mare,so2,3.8
2021-01-16,Baia Mare,so2,3.9
2021-01-17,Baia Mare,so2,4.3
2021-01-18,Baia Mare,so2,4.3
2021-01-19,Baia Mare,so2,3.7
2021-01-20,Baia Mare,so2,4.8
2021-01-21,Baia Mare,so2,4.6
2021-01-22,Baia Mare,so2,3.9
2021-01-23,Baia Mare,so2,3.9
2021-01-24,Baia Mare,so2,3.7
2021-01-25,Baia Mare,so2,4.1
2021-01-26,Baia Mare,so2,4.5
2021-01-27,Baia Mare,so2,3.4
2021-01-28,Baia Mare,so2,3.7
2021-01-29,Baia Mare,so2,3.5
2021-01-30,Baia Mare,so2,3.7
2021-01-31,Baia Mare,so2,3.6
2021-02-01,Baia Mare,so2,4.5
2021-02-02,Baia Mare,so2,4.1
2021-02-03,Baia Mare,so2,3.3
2021-02-04,Baia Mare,so2,4.3
2021-02-05,Baia Mare,so2,3.9
2021-02-06,Baia Mare,so2,4.6
2021-02-07,Baia Mare,so2,4
2021-02-08,Baia Mare,so2,4.3
2021-02-09,Baia Mare,so2,3.3
2021-02-10,Baia Mare,so2,4.2
2021-02-11,Baia Mare,so2,4.9
2021-02-12,Baia Mare,so2,4.3
2021-02-13,Baia Mare,so2,4.9
2021-02-14,Baia Mare,so2,4.4
2021-02-15,Baia Mare,so2,3.7
2021-02-16,Baia Mare,so2,4
2021-02-17,Baia Mare,so2,3.3
2021-02-18,Baia Mare,so2,5
2021-02-19,Baia Mare,so2,4.5
2021-02-20,Baia Mare,so2,4.9
2021-02-21,Baia Mare,so2,3.3
2021-02-22,Baia Mare,so2,3.3
2021-02-23,Baia Mare,so2,3.8
2021-02-24,Baia Mare,so2,3.6
2021-02-25,Baia Mare,so2,3.9
2021-02-26,Baia Mare,so2,4
2021-02-27,Baia Mare,so2,3.7
2020-12-28,Brăila,so2,2.6
2020-12-29,Brăila,so2,2.8
2020-12-30,Brăila,so2,2.6
2020-12-31,Brăila,so2,2.7
2021-01-01,Brăila,so2,2.6
2021-01-02,Brăila,so2,2.6
2021-01-03,Brăila,so2,2.7
2021-01-04,Brăila,so2,2.7
2021-01-05,Brăila,so2,2.7
2021-01-06,Brăila,so2,2.7
2021-01-07,Brăila,so2,2.7
2021-01-08,Brăila,so2,2.7
2021-01-09,Brăila,so2,2.8
2021-01-10,Brăila,so2,2.7
2021-01-11,Brăila,so2,2.7
2021-01-12,Brăila,so2,2.7
2021-01-13,Brăila,so2,2.7
2021-01-14,Brăila,so2,2.7
2021-01-15,Brăila,so2,2.9
2021-01-16,Brăila,so2,2.7
2021-01-17,Brăila,so2,2.8
2021-01-18,Brăila,so2,2.7
2021-01-19,Brăila,so2,2.7
2021-01-20,Brăila,so2,3.2
2021-01-21,Brăila,so2,3.4
2021-01-22,Brăila,so2,3.5
2021-01-23,Brăila,so2,3.8
2021-01-24,Brăila,so2,2.7
2021-01-25,Brăila,so2,2.7
2021-01-26,Brăila,so2,2.7
2021-01-27,Brăila,so2,2.7
2021-01-28,Brăila,so2,2.7
2021-01-29,Brăila,so2,2.7
2021-01-30,Brăila,so2,2.7
2021-01-31,Brăila,so2,2.7
2021-02-01,Brăila,so2,2.5
2021-02-02,Brăila,so2,2.4
2021-02-03,Brăila,so2,2.4
2021-02-04,Brăila,so2,2.8
2021-02-05,Brăila,so2,2.5
2021-02-06,Brăila,so2,2.5
2021-02-07,Brăila,so2,2.7
2021-02-08,Brăila,so2,2.7
2021-02-09,Brăila,so2,2.7
2021-02-10,Brăila,so2,2.7
2021-02-11,Brăila,so2,3.1
2021-02-12,Brăila,so2,3.1
2021-02-13,Brăila,so2,2.7
2021-02-14,Brăila,so2,2.8
2021-02-15,Brăila,so2,2.1
2021-02-16,Brăila,so2,2.7
2021-02-17,Brăila,so2,2.7
2021-02-18,Brăila,so2,2.8
2021-02-19,Brăila,so2,2.7
2021-02-20,Brăila,so2,2.7
2021-02-21,Brăila,so2,2.8
2021-02-22,Brăila,so2,2.7
2021-02-23,Brăila,so2,2.8
2021-02-24,Brăila,so2,2.6
2021-02-25,Brăila,so2,2.7
2021-02-26,Brăila,so2,2.7
2021-02-27,Brăila,so2,2.8
2020-12-28,Braşov,so2,3.2
2020-12-29,Braşov,so2,3.2
2020-12-30,Braşov,so2,3.3
2020-12-31,Braşov,so2,3
2021-01-01,Braşov,so2,3
2021-01-02,Braşov,so2,3.2
2021-01-03,Braşov,so2,3.3
2021-01-04,Braşov,so2,2.9
2021-01-05,Braşov,so2,3.1
2021-01-06,Braşov,so2,3.2
2021-01-07,Braşov,so2,3.1
2021-01-08,Braşov,so2,2.9
2021-01-09,Braşov,so2,2.9
2021-01-10,Braşov,so2,2.9
2021-01-11,Braşov,so2,2.8
2021-01-12,Braşov,so2,2.9
2021-01-13,Braşov,so2,2.9
2021-01-14,Braşov,so2,3.2
2021-01-15,Braşov,so2,2.9
2021-01-16,Braşov,so2,2.8
2021-01-17,Braşov,so2,2.8
2021-01-18,Braşov,so2,3
2021-01-19,Braşov,so2,3.2
2021-01-20,Braşov,so2,3.4
2021-01-21,Braşov,so2,3.3
2021-01-22,Braşov,so2,2.3
2021-01-23,Braşov,so2,3
2021-01-24,Braşov,so2,3.1
2021-01-25,Braşov,so2,3
2021-01-26,Braşov,so2,3.1
2021-01-27,Braşov,so2,2.7
2021-01-28,Braşov,so2,2.8
2021-01-29,Braşov,so2,3.5
2021-01-30,Braşov,so2,3.2
2021-01-31,Braşov,so2,2.8
2021-02-01,Braşov,so2,3
2021-02-02,Braşov,so2,3.3
2021-02-03,Braşov,so2,2.8
2021-02-04,Braşov,so2,2.3
2021-02-05,Braşov,so2,2.4
2021-02-06,Braşov,so2,2.3
2021-02-07,Braşov,so2,2.3
2021-02-08,Braşov,so2,2.4
2021-02-09,Braşov,so2,2.3
2021-02-10,Braşov,so2,2.3
2021-02-11,Braşov,so2,2.3
2021-02-12,Braşov,so2,2.3
2021-02-13,Braşov,so2,2.4
2021-02-14,Braşov,so2,2.3
2021-02-15,Braşov,so2,2.3
2021-02-16,Braşov,so2,2.3
2021-02-17,Braşov,so2,2.4
2021-02-18,Braşov,so2,2.3
2021-02-19,Braşov,so2,2.3
2021-02-20,Braşov,so2,2.3
2021-02-21,Braşov,so2,2.3
2021-02-22,Braşov,so2,2.4
2021-02-23,Braşov,so2,2.4
2021-02-24,Braşov,so2,2.5
2021-02-25,Braşov,so2,2.4
2021-02-26,Braşov,so2,2.4
2021-02-27,Braşov,so2,2.5
2020-12-28,Bucharest,so2,3
2020-12-29,Bucharest,so2,2.9
2020-12-30,Bucharest,so2,3.2
2020-12-31,Bucharest,so2,2.9
2021-01-01,Bucharest,so2,3.3
2021-01-02,Bucharest,so2,3.1
2021-01-03,Bucharest,so2,2.9
2021-01-04,Bucharest,so2,2.7
2021-01-05,Bucharest,so2,3.1
2021-01-06,Bucharest,so2,3.3
2021-01-07,Bucharest,so2,3.1
2021-01-08,Bucharest,so2,3
2021-01-09,Bucharest,so2,2.8
2021-01-10,Bucharest,so2,2.6
2021-01-11,Bucharest,so2,2.7
2021-01-12,Bucharest,so2,2.8
2021-01-13,Bucharest,so2,3.3
2021-01-14,Bucharest,so2,4.3
2021-01-15,Bucharest,so2,4
2021-01-16,Bucharest,so2,3.6
2021-01-17,Bucharest,so2,3.4
2021-01-18,Bucharest,so2,4.2
2021-01-19,Bucharest,so2,3.8
2021-01-20,Bucharest,so2,5
2021-01-21,Bucharest,so2,4.5
2021-01-22,Bucharest,so2,4.7
2021-01-23,Bucharest,so2,4
2021-01-24,Bucharest,so2,3.5
2021-01-25,Bucharest,so2,3.3
2021-01-26,Bucharest,so2,3.1
2021-01-27,Bucharest,so2,2.8
2021-01-28,Bucharest,so2,3
2021-01-29,Bucharest,so2,3.5
2021-01-30,Bucharest,so2,3.7
2021-01-31,Bucharest,so2,3.2
2021-02-01,Bucharest,so2,2.7
2021-02-02,Bucharest,so2,2.7
2021-02-03,Bucharest,so2,3.3
2021-02-04,Bucharest,so2,4
2021-02-05,Bucharest,so2,3.1
2021-02-06,Bucharest,so2,2.7
2021-02-07,Bucharest,so2,2.6
2021-02-08,Bucharest,so2,2.5
2021-02-09,Bucharest,so2,3.6
2021-02-10,Bucharest,so2,3.3
2021-02-11,Bucharest,so2,3
2021-02-12,Bucharest,so2,3.1
2021-02-13,Bucharest,so2,3.2
2021-02-14,Bucharest,so2,3.4
2021-02-15,Bucharest,so2,3.4
2021-02-16,Bucharest,so2,3.4
2021-02-17,Bucharest,so2,3.4
2021-02-18,Bucharest,so2,4.1
2021-02-19,Bucharest,so2,3.4
2021-02-20,Bucharest,so2,3.3
2021-02-21,Bucharest,so2,3.2
2021-02-22,Bucharest,so2,2.9
2021-02-23,Bucharest,so2,3
2021-02-24,Bucharest,so2,3
2021-02-25,Bucharest,so2,3.3
2021-02-26,Bucharest,so2,3.6
2021-02-27,Bucharest,so2,3.1
2020-12-28,Cluj-Napoca,so2,3.1
2020-12-29,Cluj-Napoca,so2,2.7
2020-12-30,Cluj-Napoca,so2,3.1
2020-12-31,Cluj-Napoca,so2,2.8
2021-01-01,Cluj-Napoca,so2,2.8
2021-01-02,Cluj-Napoca,so2,2.7
2021-01-03,Cluj-Napoca,so2,2.4
2021-01-04,Cluj-Napoca,so2,4.5
2021-01-05,Cluj-Napoca,so2,3.8
2021-01-06,Cluj-Napoca,so2,2.8
2021-01-07,Cluj-Napoca,so2,2.7
2021-01-08,Cluj-Napoca,so2,3.3
2021-01-09,Cluj-Napoca,so2,2.4
2021-01-10,Cluj-Napoca,so2,2.3
2021-01-11,Cluj-Napoca,so2,2.4
2021-01-12,Cluj-Napoca,so2,2.6
2021-01-13,Cluj-Napoca,so2,2.1
2021-01-14,Cluj-Napoca,so2,2.7
2021-01-15,Cluj-Napoca,so2,2.7
2021-01-16,Cluj-Napoca,so2,2.6
2021-01-17,Cluj-Napoca,so2,2.3
2021-01-18,Cluj-Napoca,so2,2.4
2021-01-19,Cluj-Napoca,so2,2.5
2021-01-20,Cluj-Napoca,so2,2.8
2021-01-21,Cluj-Napoca,so2,4.8
2021-01-22,Cluj-Napoca,so2,5.3
2021-01-23,Cluj-Napoca,so2,2.3
2021-01-24,Cluj-Napoca,so2,3.7
2021-01-25,Cluj-Napoca,so2,2.5
2021-01-26,Cluj-Napoca,so2,2.9
2021-01-27,Cluj-Napoca,so2,2.4
2021-01-28,Cluj-Napoca,so2,2.9
2021-01-29,Cluj-Napoca,so2,2.3
2021-01-30,Cluj-Napoca,so2,2.6
2021-01-31,Cluj-Napoca,so2,2.2
2021-02-01,Cluj-Napoca,so2,3.3
2021-02-02,Cluj-Napoca,so2,3.3
2021-02-03,Cluj-Napoca,so2,3
2021-02-04,Cluj-Napoca,so2,2.8
2021-02-05,Cluj-Napoca,so2,2.9
2021-02-06,Cluj-Napoca,so2,2.9
2021-02-07,Cluj-Napoca,so2,3.2
2021-02-08,Cluj-Napoca,so2,3.4
2021-02-09,Cluj-Napoca,so2,3
2021-02-10,Cluj-Napoca,so2,3
2021-02-11,Cluj-Napoca,so2,3.2
2021-02-12,Cluj-Napoca,so2,3.1
2021-02-13,Cluj-Napoca,so2,3
2021-02-14,Cluj-Napoca,so2,2.4
2021-02-15,Cluj-Napoca,so2,2.7
2021-02-16,Cluj-Napoca,so2,2.5
2021-02-17,Cluj-Napoca,so2,2.4
2021-02-18,Cluj-Napoca,so2,3.1
2021-02-19,Cluj-Napoca,so2,2.5
2021-02-20,Cluj-Napoca,so2,2.8
2021-02-21,Cluj-Napoca,so2,2.6
2021-02-22,Cluj-Napoca,so2,2.5
2021-02-23,Cluj-Napoca,so2,2.4
2021-02-24,Cluj-Napoca,so2,2.9
2021-02-25,Cluj-Napoca,so2,3.4
2021-02-26,Cluj-Napoca,so2,4
2021-02-27,Cluj-Napoca,so2,3
2020-12-28,Constanţa,so2,4.7
2020-12-29,Constanţa,so2,5
2020-12-30,Constanţa,so2,4.5
2020-12-31,Constanţa,so2,5.1
2021-01-01,Constanţa,so2,4.7
2021-01-02,Constanţa,so2,4.9
2021-01-03,Constanţa,so2,3.4
2021-01-04,Constanţa,so2,3.3
2021-01-05,Constanţa,so2,4.4
2021-01-06,Constanţa,so2,5
2021-01-07,Constanţa,so2,4.4
2021-01-08,Constanţa,so2,4.1
2021-01-09,Constanţa,so2,4.4
2021-01-10,Constanţa,so2,4.1
2021-01-11,Constanţa,so2,3.6
2021-01-12,Constanţa,so2,3.7
2021-01-13,Constanţa,so2,4.1
2021-01-14,Constanţa,so2,5.1
2021-01-15,Constanţa,so2,5.1
2021-01-16,Constanţa,so2,5.3
2021-01-17,Constanţa,so2,5.1
2021-01-18,Constanţa,so2,5.1
2021-01-19,Constanţa,so2,5.4
2021-01-20,Constanţa,so2,7.1
2021-01-21,Constanţa,so2,6.1
2021-01-22,Constanţa,so2,8.5
2021-01-23,Constanţa,so2,5.8
2021-01-24,Constanţa,so2,5
2021-01-25,Constanţa,so2,5.4
2021-01-26,Constanţa,so2,5
2021-01-27,Constanţa,so2,4.2
2021-01-28,Constanţa,so2,5.4
2021-01-29,Constanţa,so2,5.8
2021-01-30,Constanţa,so2,7.3
2021-01-31,Constanţa,so2,5.4
2021-02-01,Constanţa,so2,4.9
2021-02-02,Constanţa,so2,3.9
2021-02-03,Constanţa,so2,4.5
2021-02-04,Constanţa,so2,5.5
2021-02-05,Constanţa,so2,5.5
2021-02-06,Constanţa,so2,4.1
2021-02-07,Constanţa,so2,3.8
2021-02-08,Constanţa,so2,3.7
2021-02-09,Constanţa,so2,5
2021-02-10,Constanţa,so2,5.3
2021-02-11,Constanţa,so2,5
2021-02-12,Constanţa,so2,4.7
2021-02-13,Constanţa,so2,4.7
2021-02-14,Constanţa,so2,5
2021-02-15,Constanţa,so2,4.9
2021-02-16,Constanţa,so2,4.5
2021-02-17,Constanţa,so2,5.5
2021-02-18,Constanţa,so2,5.4
2021-02-19,Constanţa,so2,4.4
2021-02-20,Constanţa,so2,4.7
2021-02-21,Constanţa,so2,5.9
2021-02-22,Constanţa,so2,4.6
2021-02-23,Constanţa,so2,4.2
2021-02-24,Constanţa,so2,3.5
2021-02-25,Constanţa,so2,5.3
2021-02-26,Constanţa,so2,5.8
2021-02-27,Constanţa,so2,4.6
2020-12-28,Craiova,so2,5
2020-12-29,Craiova,so2,4.3
2020-12-30,Craiova,so2,3.6
2020-12-31,Craiova,so2,4.5
2021-01-01,Craiova,so2,0.7
2021-01-02,Craiova,so2,5.2
2021-01-03,Craiova,so2,4.7
2021-01-04,Craiova,so2,2.9
2021-01-05,Craiova,so2,5.5
2021-01-06,Craiova,so2,2.6
2021-01-07,Craiova,so2,5
2021-01-08,Craiova,so2,3.5
2021-01-09,Craiova,so2,5
2021-01-10,Craiova,so2,5.1
2021-01-11,Craiova,so2,4.8
2021-01-12,Craiova,so2,4.9
2021-01-13,Craiova,so2,5.2
2021-01-14,Craiova,so2,6.4
2021-01-15,Craiova,so2,4.9
2021-01-16,Craiova,so2,3.8
2021-01-17,Craiova,so2,5.2
2021-01-18,Craiova,so2,4.7
2021-01-19,Craiova,so2,6.9
2021-01-20,Craiova,so2,1.4
2021-01-21,Craiova,so2,6.7
2021-01-22,Craiova,so2,5.3
2021-01-23,Craiova,so2,6.3
2021-01-24,Craiova,so2,5.5
2021-01-25,Craiova,so2,6.2
2021-01-26,Craiova,so2,5.3
2021-01-27,Craiova,so2,6.5
2021-01-28,Craiova,so2,7
2021-01-29,Craiova,so2,6.6
2021-01-30,Craiova,so2,5.7
2021-01-31,Craiova,so2,7.3
2021-02-01,Craiova,so2,5.6
2021-02-02,Craiova,so2,6.2
2021-02-03,Craiova,so2,6
2021-02-04,Craiova,so2,6.6
2021-02-05,Craiova,so2,7.1
2021-02-06,Craiova,so2,5
2021-02-07,Craiova,so2,6.1
2021-02-08,Craiova,so2,5.9
2021-02-09,Craiova,so2,6.6
2021-02-10,Craiova,so2,5.2
2021-02-11,Craiova,so2,5.6
2021-02-12,Craiova,so2,6.4
2021-02-13,Craiova,so2,6.4
2021-02-14,Craiova,so2,6.4
2021-02-15,Craiova,so2,6.4
2021-02-16,Craiova,so2,7.2
2021-02-17,Craiova,so2,7.4
2021-02-18,Craiova,so2,7.5
2021-02-19,Craiova,so2,7.4
2021-02-20,Craiova,so2,7.4
2021-02-21,Craiova,so2,7.4
2021-02-22,Craiova,so2,6.4
2021-02-23,Craiova,so2,7.1
2021-02-24,Craiova,so2,6
2021-02-25,Craiova,so2,6.1
2021-02-26,Craiova,so2,6
2021-02-27,Craiova,so2,6
2020-12-28,Galaţi,so2,3.2
2020-12-29,Galaţi,so2,3.3
2020-12-30,Galaţi,so2,3.1
2020-12-31,Galaţi,so2,3.1
2021-01-01,Galaţi,so2,3.8
2021-01-02,Galaţi,so2,3.3
2021-01-03,Galaţi,so2,2.9
2021-01-04,Galaţi,so2,3.1
2021-01-05,Galaţi,so2,3.1
2021-01-06,Galaţi,so2,3.3
2021-01-07,Galaţi,so2,3.5
2021-01-08,Galaţi,so2,3.4
2021-01-09,Galaţi,so2,3.3
2021-01-10,Galaţi,so2,3.4
2021-01-11,Galaţi,so2,2.9
2021-01-12,Galaţi,so2,3.3
2021-01-13,Galaţi,so2,3.8
2021-01-14,Galaţi,so2,3.4
2021-01-15,Galaţi,so2,3.7
2021-01-16,Galaţi,so2,3.8
2021-01-17,Galaţi,so2,3.7
2021-01-18,Galaţi,so2,4.5
2021-01-19,Galaţi,so2,4
2021-01-20,Galaţi,so2,4.1
2021-01-21,Galaţi,so2,4.9
2021-01-22,Galaţi,so2,4.8
2021-01-23,Galaţi,so2,4.9
2021-01-24,Galaţi,so2,4
2021-01-25,Galaţi,so2,3.2
2021-01-26,Galaţi,so2,3.5
2021-01-27,Galaţi,so2,3.3
2021-01-28,Galaţi,so2,3
2021-01-29,Galaţi,so2,3.6
2021-01-30,Galaţi,so2,2.8
2021-01-31,Galaţi,so2,2.3
2021-02-01,Galaţi,so2,2.9
2021-02-02,Galaţi,so2,1.8
2021-02-03,Galaţi,so2,2.9
2021-02-04,Galaţi,so2,3.7
2021-02-05,Galaţi,so2,3.5
2021-02-06,Galaţi,so2,3.4
2021-02-07,Galaţi,so2,3.4
2021-02-08,Galaţi,so2,3.1
2021-02-09,Galaţi,so2,3.6
2021-02-10,Galaţi,so2,3.9
2021-02-11,Galaţi,so2,3.3
2021-02-12,Galaţi,so2,3.5
2021-02-13,Galaţi,so2,3.7
2021-02-14,Galaţi,so2,3.1
2021-02-15,Galaţi,so2,3.1
2021-02-16,Galaţi,so2,3
2021-02-17,Galaţi,so2,3.5
2021-02-18,Galaţi,so2,3.5
2021-02-19,Galaţi,so2,4.1
2021-02-20,Galaţi,so2,3.5
2021-02-21,Galaţi,so2,3.5
2021-02-22,Galaţi,so2,3.9
2021-02-23,Galaţi,so2,3.5
2021-02-24,Galaţi,so2,4.2
2021-02-25,Galaţi,so2,6.1
2021-02-26,Galaţi,so2,4.3
2021-02-27,Galaţi,so2,3.3
2020-12-28,Iaşi,so2,1.8
2020-12-29,Iaşi,so2,2.4
2020-12-30,Iaşi,so2,2.2
2020-12-31,Iaşi,so2,2.1
2021-01-01,Iaşi,so2,2.2
2021-01-02,Iaşi,so2,2.1
2021-01-03,Iaşi,so2,1.9
2021-01-04,Iaşi,so2,1.9
2021-01-05,Iaşi,so2,1.9
2021-01-06,Iaşi,so2,2
2021-01-07,Iaşi,so2,2.3
2021-01-08,Iaşi,so2,3.1
2021-01-09,Iaşi,so2,2.5
2021-01-10,Iaşi,so2,2.8
2021-01-11,Iaşi,so2,2.5
2021-01-12,Iaşi,so2,2.3
2021-01-13,Iaşi,so2,2
2021-01-14,Iaşi,so2,2
2021-01-15,Iaşi,so2,1.7
2021-01-16,Iaşi,so2,1.8
2021-01-17,Iaşi,so2,2.6
2021-01-18,Iaşi,so2,1.9
2021-01-19,Iaşi,so2,2.8
2021-01-20,Iaşi,so2,2.4
2021-01-21,Iaşi,so2,2.6
2021-01-22,Iaşi,so2,2.9
2021-01-23,Iaşi,so2,2.9
2021-01-24,Iaşi,so2,2.6
2021-01-25,Iaşi,so2,2.4
2021-01-26,Iaşi,so2,3
2021-01-27,Iaşi,so2,2.8
2021-01-28,Iaşi,so2,2.5
2021-01-29,Iaşi,so2,2.5
2021-01-30,Iaşi,so2,2.9
2021-01-31,Iaşi,so2,2.6
2021-02-01,Iaşi,so2,2.9
2021-02-02,Iaşi,so2,3.1
2021-02-03,Iaşi,so2,2.8
2021-02-04,Iaşi,so2,2.8
2021-02-05,Iaşi,so2,2.8
2021-02-06,Iaşi,so2,3
2021-02-07,Iaşi,so2,2.8
2021-02-08,Iaşi,so2,2.5
2021-02-09,Iaşi,so2,2.8
2021-02-10,Iaşi,so2,2.9
2021-02-11,Iaşi,so2,2.9
2021-02-12,Iaşi,so2,2.9
2021-02-13,Iaşi,so2,2.6
2021-02-14,Iaşi,so2,3
2021-02-15,Iaşi,so2,2.9
2021-02-16,Iaşi,so2,2.4
2021-02-17,Iaşi,so2,2.5
2021-02-18,Iaşi,so2,2.5
2021-02-19,Iaşi,so2,2.2
2021-02-20,Iaşi,so2,2.3
2021-02-21,Iaşi,so2,2.6
2021-02-22,Iaşi,so2,2.4
2021-02-23,Iaşi,so2,2.2
2021-02-24,Iaşi,so2,2.4
2021-02-25,Iaşi,so2,3.1
2021-02-26,Iaşi,so2,3.1
2021-02-27,Iaşi,so2,2.5
2020-12-28,Oradea,so2,4.4
2020-12-29,Oradea,so2,4.2
2020-12-30,Oradea,so2,3.9
2020-12-31,Oradea,so2,4.1
2021-01-01,Oradea,so2,4
2021-01-02,Oradea,so2,4
2021-01-03,Oradea,so2,4
2021-01-04,Oradea,so2,4
2021-01-05,Oradea,so2,3.9
2021-01-06,Oradea,so2,4.1
2021-01-07,Oradea,so2,3.4
2021-01-08,Oradea,so2,3.5
2021-01-09,Oradea,so2,2.8
2021-01-10,Oradea,so2,2.2
2021-01-11,Oradea,so2,2.7
2021-01-12,Oradea,so2,3.9
2021-01-13,Oradea,so2,3.1
2021-01-14,Oradea,so2,3.2
2021-01-15,Oradea,so2,5.6
2021-01-16,Oradea,so2,5.3
2021-01-17,Oradea,so2,5
2021-01-18,Oradea,so2,4.6
2021-01-19,Oradea,so2,4.8
2021-01-20,Oradea,so2,8.7
2021-01-21,Oradea,so2,10.1
2021-01-22,Oradea,so2,6.9
2021-01-23,Oradea,so2,5.2
2021-01-24,Oradea,so2,6.6
2021-01-25,Oradea,so2,4.1
2021-01-26,Oradea,so2,4
2021-01-27,Oradea,so2,5.2
2021-01-28,Oradea,so2,3.5
2021-01-29,Oradea,so2,2.8
2021-01-30,Oradea,so2,4.2
2021-01-31,Oradea,so2,5.8
2021-02-01,Oradea,so2,3.1
2021-02-02,Oradea,so2,6.2
2021-02-03,Oradea,so2,9.4
2021-02-04,Oradea,so2,4.2
2021-02-05,Oradea,so2,4.7
2021-02-06,Oradea,so2,3.5
2021-02-07,Oradea,so2,4.2
2021-02-08,Oradea,so2,4.3
2021-02-09,Oradea,so2,3.9
2021-02-10,Oradea,so2,4.5
2021-02-11,Oradea,so2,3.7
2021-02-12,Oradea,so2,6.9
2021-02-13,Oradea,so2,6.5
2021-02-14,Oradea,so2,5.8
2021-02-15,Oradea,so2,6.2
2021-02-16,Oradea,so2,4.5
2021-02-17,Oradea,so2,8.6
2021-02-18,Oradea,so2,6.8
2021-02-19,Oradea,so2,6.6
2021-02-20,Oradea,so2,3.7
2021-02-21,Oradea,so2,6.2
2021-02-22,Oradea,so2,6.7
2021-02-23,Oradea,so2,9.5
2021-02-24,Oradea,so2,7.7
2021-02-25,Oradea,so2,9.4
2021-02-26,Oradea,so2,4.6
2021-02-27,Oradea,so2,3.4
2020-12-28,Piteşti,so2,5.5
2020-12-29,Piteşti,so2,5.7
2020-12-30,Piteşti,so2,5.2
2020-12-31,Piteşti,so2,5.5
2021-01-01,Piteşti,so2,5.7
2021-01-02,Piteşti,so2,5.6
2021-01-03,Piteşti,so2,6
2021-01-04,Piteşti,so2,6.3
2021-01-05,Piteşti,so2,6
2021-01-06,Piteşti,so2,6.2
2021-01-07,Piteşti,so2,5.9
2021-01-08,Piteşti,so2,5.8
2021-01-09,Piteşti,so2,5.8
2021-01-10,Piteşti,so2,5.5
2021-01-11,Piteşti,so2,5.9
2021-01-12,Piteşti,so2,5.7
2021-01-13,Piteşti,so2,5.9
2021-01-14,Piteşti,so2,6.1
2021-01-15,Piteşti,so2,5.8
2021-01-16,Piteşti,so2,5.5
2021-01-17,Piteşti,so2,4.8
2021-01-18,Piteşti,so2,5.7
2021-01-19,Piteşti,so2,5.5
2021-01-20,Piteşti,so2,6.3
2021-01-21,Piteşti,so2,5.9
2021-01-22,Piteşti,so2,5.8
2021-01-23,Piteşti,so2,5.8
2021-01-24,Piteşti,so2,5.1
2021-01-25,Piteşti,so2,5
2021-01-26,Piteşti,so2,4.8
2021-01-27,Piteşti,so2,4.4
2021-01-28,Piteşti,so2,4.4
2021-01-29,Piteşti,so2,4.5
2021-01-30,Piteşti,so2,5.1
2021-01-31,Piteşti,so2,4.4
2021-02-01,Piteşti,so2,4.4
2021-02-02,Piteşti,so2,4.2
2021-02-03,Piteşti,so2,5.1
2021-02-04,Piteşti,so2,5.3
2021-02-05,Piteşti,so2,5.1
2021-02-06,Piteşti,so2,4.5
2021-02-07,Piteşti,so2,4.2
2021-02-08,Piteşti,so2,4.4
2021-02-09,Piteşti,so2,5.1
2021-02-10,Piteşti,so2,4.6
2021-02-11,Piteşti,so2,4.5
2021-02-12,Piteşti,so2,4.1
2021-02-13,Piteşti,so2,4.4
2021-02-14,Piteşti,so2,4.2
2021-02-15,Piteşti,so2,4.2
2021-02-16,Piteşti,so2,4.5
2021-02-17,Piteşti,so2,5.3
2021-02-18,Piteşti,so2,5.2
2021-02-19,Piteşti,so2,4.1
2021-02-20,Piteşti,so2,5.5
2021-02-21,Piteşti,so2,4.8
2021-02-22,Piteşti,so2,5.1
2021-02-23,Piteşti,so2,4.7
2021-02-24,Piteşti,so2,4.5
2021-02-25,Piteşti,so2,4.9
2021-02-26,Piteşti,so2,4.2
2021-02-27,Piteşti,so2,4.2
2020-12-28,Ploieşti,so2,3.7
2020-12-29,Ploieşti,so2,2.9
2020-12-30,Ploieşti,so2,3.4
2020-12-31,Ploieşti,so2,2.9
2021-01-01,Ploieşti,so2,3.1
2021-01-02,Ploieşti,so2,3.1
2021-01-03,Ploieşti,so2,3.3
2021-01-04,Ploieşti,so2,2.9
2021-01-05,Ploieşti,so2,3.5
2021-01-06,Ploieşti,so2,3.8
2021-01-07,Ploieşti,so2,3.2
2021-01-08,Ploieşti,so2,3.1
2021-01-09,Ploieşti,so2,3.2
2021-01-10,Ploieşti,so2,3.2
2021-01-11,Ploieşti,so2,3.2
2021-01-12,Ploieşti,so2,3.1
2021-01-13,Ploieşti,so2,3.6
2021-01-14,Ploieşti,so2,3.7
2021-01-15,Ploieşti,so2,3.7
2021-01-16,Ploieşti,so2,3.3
2021-01-17,Ploieşti,so2,3.2
2021-01-18,Ploieşti,so2,3.7
2021-01-19,Ploieşti,so2,3.3
2021-01-20,Ploieşti,so2,4.9
2021-01-21,Ploieşti,so2,5.3
2021-01-22,Ploieşti,so2,4.9
2021-01-23,Ploieşti,so2,4.3
2021-01-24,Ploieşti,so2,3.8
2021-01-25,Ploieşti,so2,3.2
2021-01-26,Ploieşti,so2,3.1
2021-01-27,Ploieşti,so2,2.9
2021-01-28,Ploieşti,so2,3.3
2021-01-29,Ploieşti,so2,3.7
2021-01-30,Ploieşti,so2,3.7
2021-01-31,Ploieşti,so2,3.2
2021-02-01,Ploieşti,so2,3.1
2021-02-02,Ploieşti,so2,2.8
2021-02-03,Ploieşti,so2,3
2021-02-04,Ploieşti,so2,3.8
2021-02-05,Ploieşti,so2,3.5
2021-02-06,Ploieşti,so2,2.9
2021-02-07,Ploieşti,so2,3
2021-02-08,Ploieşti,so2,3
2021-02-09,Ploieşti,so2,3.6
2021-02-10,Ploieşti,so2,3.4
2021-02-11,Ploieşti,so2,3.4
2021-02-12,Ploieşti,so2,3.1
2021-02-13,Ploieşti,so2,3.1
2021-02-14,Ploieşti,so2,2.9
2021-02-15,Ploieşti,so2,3
2021-02-16,Ploieşti,so2,3
2021-02-17,Ploieşti,so2,3.3
2021-02-18,Ploieşti,so2,3.8
2021-02-19,Ploieşti,so2,2.8
2021-02-20,Ploieşti,so2,3.3
2021-02-21,Ploieşti,so2,3.1
2021-02-22,Ploieşti,so2,3.1
2021-02-23,Ploieşti,so2,3.2
2021-02-24,Ploieşti,so2,3
2021-02-25,Ploieşti,so2,4
2021-02-26,Ploieşti,so2,4.3
2021-02-27,Ploieşti,so2,3.7
2020-12-28,Râmnicu Vâlcea,so2,4.7
2020-12-29,Râmnicu Vâlcea,so2,4.3
2020-12-30,Râmnicu Vâlcea,so2,4.1
2020-12-31,Râmnicu Vâlcea,so2,4.1
2021-01-01,Râmnicu Vâlcea,so2,4.1
2021-01-02,Râmnicu Vâlcea,so2,4
2021-01-03,Râmnicu Vâlcea,so2,4
2021-01-04,Râmnicu Vâlcea,so2,4.1
2021-01-05,Râmnicu Vâlcea,so2,4.4
2021-01-06,Râmnicu Vâlcea,so2,4.4
2021-01-07,Râmnicu Vâlcea,so2,4.5
2021-01-08,Râmnicu Vâlcea,so2,4.2
2021-01-09,Râmnicu Vâlcea,so2,3.7
2021-01-10,Râmnicu Vâlcea,so2,4.1
2021-01-11,Râmnicu Vâlcea,so2,4.3
2021-01-12,Râmnicu Vâlcea,so2,4
2021-01-13,Râmnicu Vâlcea,so2,4.4
2021-01-14,Râmnicu Vâlcea,so2,4.3
2021-01-15,Râmnicu Vâlcea,so2,4.3
2021-01-16,Râmnicu Vâlcea,so2,4.1
2021-01-17,Râmnicu Vâlcea,so2,4
2021-01-18,Râmnicu Vâlcea,so2,4.1
2021-01-19,Râmnicu Vâlcea,so2,4.7
2021-01-20,Râmnicu Vâlcea,so2,5.3
2021-01-21,Râmnicu Vâlcea,so2,5
2021-01-22,Râmnicu Vâlcea,so2,4.1
2021-01-23,Râmnicu Vâlcea,so2,4.1
2021-01-24,Râmnicu Vâlcea,so2,4.1
2021-01-25,Râmnicu Vâlcea,so2,4.3
2021-01-26,Râmnicu Vâlcea,so2,4.1
2021-01-27,Râmnicu Vâlcea,so2,4
2021-01-28,Râmnicu Vâlcea,so2,4.4
2021-01-29,Râmnicu Vâlcea,so2,5
2021-01-30,Râmnicu Vâlcea,so2,4.7
2021-01-31,Râmnicu Vâlcea,so2,4.1
2021-02-01,Râmnicu Vâlcea,so2,4.1
2021-02-02,Râmnicu Vâlcea,so2,4
2021-02-03,Râmnicu Vâlcea,so2,4.2
2021-02-04,Râmnicu Vâlcea,so2,6.6
2021-02-05,Râmnicu Vâlcea,so2,5
2021-02-06,Râmnicu Vâlcea,so2,4.1
2021-02-07,Râmnicu Vâlcea,so2,4.2
2021-02-08,Râmnicu Vâlcea,so2,4.5
2021-02-09,Râmnicu Vâlcea,so2,4.8
2021-02-10,Râmnicu Vâlcea,so2,4.9
2021-02-11,Râmnicu Vâlcea,so2,4.7
2021-02-12,Râmnicu Vâlcea,so2,4.1
2021-02-13,Râmnicu Vâlcea,so2,4.4
2021-02-14,Râmnicu Vâlcea,so2,4.6
2021-02-15,Râmnicu Vâlcea,so2,4.3
2021-02-16,Râmnicu Vâlcea,so2,4.1
2021-02-17,Râmnicu Vâlcea,so2,4.1
2021-02-18,Râmnicu Vâlcea,so2,5
2021-02-19,Râmnicu Vâlcea,so2,4
2021-02-20,Râmnicu Vâlcea,so2,4.9
2021-02-21,Râmnicu Vâlcea,so2,5.2
2021-02-22,Râmnicu Vâlcea,so2,5.6
2021-02-23,Râmnicu Vâlcea,so2,4.5
2021-02-24,Râmnicu Vâlcea,so2,4.9
2021-02-25,Râmnicu Vâlcea,so2,5.4
2021-02-26,Râmnicu Vâlcea,so2,4
2021-02-27,Râmnicu Vâlcea,so2,4.1
2020-12-28,Sibiu,so2,3
2020-12-29,Sibiu,so2,3.2
2020-12-30,Sibiu,so2,3.3
2020-12-31,Sibiu,so2,2.5
2021-01-01,Sibiu,so2,2.8
2021-01-02,Sibiu,so2,2.8
2021-01-03,Sibiu,so2,3.4
2021-01-04,Sibiu,so2,3.4
2021-01-05,Sibiu,so2,3.3
2021-01-06,Sibiu,so2,3
2021-01-07,Sibiu,so2,3.2
2021-01-08,Sibiu,so2,3.1
2021-01-09,Sibiu,so2,2.5
2021-01-10,Sibiu,so2,2.2
2021-01-11,Sibiu,so2,2.1
2021-01-12,Sibiu,so2,3.2
2021-01-13,Sibiu,so2,3.6
2021-01-14,Sibiu,so2,3.5
2021-01-15,Sibiu,so2,3.7
2021-01-16,Sibiu,so2,2.9
2021-01-17,Sibiu,so2,3.2
2021-01-18,Sibiu,so2,3
2021-01-19,Sibiu,so2,2.9
2021-01-20,Sibiu,so2,3.6
2021-01-21,Sibiu,so2,3.5
2021-01-22,Sibiu,so2,3.5
2021-01-23,Sibiu,so2,3
2021-01-24,Sibiu,so2,3.3
2021-01-25,Sibiu,so2,2.8
2021-01-26,Sibiu,so2,3
2021-01-27,Sibiu,so2,2.5
2021-01-28,Sibiu,so2,2.3
2021-01-29,Sibiu,so2,3
2021-01-30,Sibiu,so2,2.8
2021-01-31,Sibiu,so2,2.9
2021-02-01,Sibiu,so2,2.6
2021-02-02,Sibiu,so2,3.9
2021-02-03,Sibiu,so2,3.6
2021-02-04,Sibiu,so2,3.1
2021-02-05,Sibiu,so2,3.6
2021-02-06,Sibiu,so2,4.3
2021-02-07,Sibiu,so2,3.9
2021-02-08,Sibiu,so2,3.4
2021-02-09,Sibiu,so2,3.6
2021-02-10,Sibiu,so2,3.5
2021-02-11,Sibiu,so2,3.4
2021-02-12,Sibiu,so2,3.2
2021-02-13,Sibiu,so2,3.3
2021-02-14,Sibiu,so2,3
2021-02-15,Sibiu,so2,3.3
2021-02-16,Sibiu,so2,2.7
2021-02-17,Sibiu,so2,3
2021-02-18,Sibiu,so2,3.1
2021-02-19,Sibiu,so2,2.9
2021-02-20,Sibiu,so2,2.9
2021-02-21,Sibiu,so2,2.3
2021-02-22,Sibiu,so2,2.5
2021-02-23,Sibiu,so2,2.9
2021-02-24,Sibiu,so2,4.2
2021-02-25,Sibiu,so2,3.9
2021-02-26,Sibiu,so2,3.1
2021-02-27,Sibiu,so2,5.3
2020-12-28,Timişoara,so2,4.4
2020-12-29,Timişoara,so2,5.6
2020-12-30,Timişoara,so2,4.9
2020-12-31,Timişoara,so2,5.2
2021-01-01,Timişoara,so2,6
2021-01-02,Timişoara,so2,5
2021-01-03,Timişoara,so2,5.2
2021-01-04,Timişoara,so2,4.4
2021-01-05,Timişoara,so2,4.8
2021-01-06,Timişoara,so2,4.5
2021-01-07,Timişoara,so2,4.4
2021-01-08,Timişoara,so2,4.1
2021-01-09,Timişoara,so2,4.1
2021-01-10,Timişoara,so2,3.9
2021-01-11,Timişoara,so2,4.2
2021-01-12,Timişoara,so2,4.5
2021-01-13,Timişoara,so2,4.4
2021-01-14,Timişoara,so2,4.8
2021-01-15,Timişoara,so2,4.3
2021-01-16,Timişoara,so2,4.3
2021-01-17,Timişoara,so2,3.7
2021-01-18,Timişoara,so2,4.1
2021-01-19,Timişoara,so2,5.5
2021-01-20,Timişoara,so2,10.5
2021-01-21,Timişoara,so2,6.7
2021-01-22,Timişoara,so2,6.5
2021-01-23,Timişoara,so2,6.3
2021-01-24,Timişoara,so2,5.9
2021-01-25,Timişoara,so2,4.5
2021-01-26,Timişoara,so2,4.2
2021-01-27,Timişoara,so2,4.3
2021-01-28,Timişoara,so2,4.6
2021-01-29,Timişoara,so2,6.5
2021-01-30,Timişoara,so2,5.2
2021-01-31,Timişoara,so2,4.2
2021-02-01,Timişoara,so2,4.5
2021-02-02,Timişoara,so2,7.4
2021-02-03,Timişoara,so2,7.4
2021-02-04,Timişoara,so2,5.9
2021-02-05,Timişoara,so2,5
2021-02-06,Timişoara,so2,7.3
2021-02-07,Timişoara,so2,6
2021-02-08,Timişoara,so2,5.5
2021-02-09,Timişoara,so2,5.1
2021-02-10,Timişoara,so2,4.9
2021-02-11,Timişoara,so2,4.4
2021-02-12,Timişoara,so2,4.2
2021-02-13,Timişoara,so2,3.7
2021-02-14,Timişoara,so2,3.9
2021-02-15,Timişoara,so2,3.8
2021-02-16,Timişoara,so2,3.7
2021-02-17,Timişoara,so2,4.9
2021-02-18,Timişoara,so2,4.5
2021-02-19,Timişoara,so2,4.4
2021-02-20,Timişoara,so2,5
2021-02-21,Timişoara,so2,4.5
2021-02-22,Timişoara,so2,4.6
2021-02-23,Timişoara,so2,5.6
2021-02-24,Timişoara,so2,4.7
2021-02-25,Timişoara,so2,4.7
2021-02-26,Timişoara,so2,5.7
2021-02-27,Timişoara,so2,4.9
2020-12-28,Arad,temperature,9
2020-12-29,Arad,temperature,9.7
2020-12-30,Arad,temperature,9
2020-12-31,Arad,temperature,7.2
2021-01-01,Arad,temperature,4.5
2021-01-02,Arad,temperature,5.8
2021-01-03,Arad,temperature,7
2021-01-04,Arad,temperature,6.6
2021-01-05,Arad,temperature,6
2021-01-06,Arad,temperature,5.5
2021-01-07,Arad,temperature,5
2021-01-08,Arad,temperature,1
2021-01-09,Arad,temperature,-2
2021-01-10,Arad,temperature,-2
2021-01-11,Arad,temperature,0
2021-01-12,Arad,temperature,0
2021-01-13,Arad,temperature,-0.9
2021-01-14,Arad,temperature,0
2021-01-15,Arad,temperature,-1.5
2021-01-16,Arad,temperature,-5.5
2021-01-17,Arad,temperature,-4.4
2021-01-18,Arad,temperature,-6
2021-01-19,Arad,temperature,-2
2021-01-20,Arad,temperature,2
2021-01-21,Arad,temperature,6.5
2021-01-22,Arad,temperature,9.2
2021-01-23,Arad,temperature,9.4
2021-01-24,Arad,temperature,8
2021-01-25,Arad,temperature,2.9
2021-01-26,Arad,temperature,1
2021-01-27,Arad,temperature,-2
2021-01-28,Arad,temperature,-0.5
2021-01-29,Arad,temperature,3
2021-01-30,Arad,temperature,6
2021-01-31,Arad,temperature,1
2021-02-01,Arad,temperature,1
2021-02-02,Arad,temperature,3
2021-02-03,Arad,temperature,6.4
2021-02-04,Arad,temperature,9
2021-02-05,Arad,temperature,7.5
2021-02-06,Arad,temperature,9
2021-02-07,Arad,temperature,7.7
2021-02-08,Arad,temperature,7.5
2021-02-09,Arad,temperature,7.5
2021-02-10,Arad,temperature,8.5
2021-02-11,Arad,temperature,-0.2
2021-02-12,Arad,temperature,-7.5
2021-02-13,Arad,temperature,-8
2021-02-14,Arad,temperature,-2.5
2021-02-15,Arad,temperature,-2.5
2021-02-16,Arad,temperature,-0.9
2021-02-17,Arad,temperature,2
2021-02-18,Arad,temperature,3.5
2021-02-19,Arad,temperature,5.5
2021-02-20,Arad,temperature,4
2021-02-21,Arad,temperature,3
2021-02-22,Arad,temperature,4.5
2021-02-23,Arad,temperature,6.5
2021-02-24,Arad,temperature,5.5
2021-02-25,Arad,temperature,8.2
2021-02-26,Arad,temperature,8.2
2021-02-27,Arad,temperature,4.7
2020-12-28,Bacău,temperature,6.1
2020-12-29,Bacău,temperature,6.6
2020-12-30,Bacău,temperature,5.3
2020-12-31,Bacău,temperature,4.9
2021-01-01,Bacău,temperature,5.2
2021-01-02,Bacău,temperature,1.9
2021-01-03,Bacău,temperature,6.6
2021-01-04,Bacău,temperature,7.9
2021-01-05,Bacău,temperature,4.4
2021-01-06,Bacău,temperature,2.1
2021-01-07,Bacău,temperature,4.1
2021-01-08,Bacău,temperature,0.6
2021-01-09,Bacău,temperature,0.5
2021-01-10,Bacău,temperature,-0.6
2021-01-11,Bacău,temperature,-0.8
2021-01-12,Bacău,temperature,-0.1
2021-01-13,Bacău,temperature,-0.3
2021-01-14,Bacău,temperature,-3.4
2021-01-15,Bacău,temperature,-3.5
2021-01-16,Bacău,temperature,-6.5
2021-01-17,Bacău,temperature,-9.6
2021-01-18,Bacău,temperature,-7.2
2021-01-19,Bacău,temperature,-14.1
2021-01-20,Bacău,temperature,-3.8
2021-01-21,Bacău,temperature,-0.5
2021-01-22,Bacău,temperature,0.6
2021-01-23,Bacău,temperature,1.7
2021-01-24,Bacău,temperature,2.6
2021-01-25,Bacău,temperature,3.5
2021-01-26,Bacău,temperature,1.7
2021-01-27,Bacău,temperature,0.7
2021-01-28,Bacău,temperature,0.8
2021-01-29,Bacău,temperature,1.9
2021-01-30,Bacău,temperature,3.3
2021-01-31,Bacău,temperature,0.2
2021-02-01,Bacău,temperature,-1.6
2021-02-02,Bacău,temperature,-0.1
2021-02-03,Bacău,temperature,1.4
2021-02-04,Bacău,temperature,8.6
2021-02-05,Bacău,temperature,3.5
2021-02-06,Bacău,temperature,0.3
2021-02-07,Bacău,temperature,-2.1
2021-02-08,Bacău,temperature,0.4
2021-02-09,Bacău,temperature,2.1
2021-02-10,Bacău,temperature,3.7
2021-02-11,Bacău,temperature,0.3
2021-02-12,Bacău,temperature,-8
2021-02-13,Bacău,temperature,-5.4
2021-02-14,Bacău,temperature,-1.9
2021-02-15,Bacău,temperature,-2.4
2021-02-16,Bacău,temperature,-5.5
2021-02-17,Bacău,temperature,-5.4
2021-02-18,Bacău,temperature,-2.1
2021-02-19,Bacău,temperature,-5.1
2021-02-20,Bacău,temperature,-2.1
2021-02-21,Bacău,temperature,-1.6
2021-02-22,Bacău,temperature,-1.3
2021-02-23,Bacău,temperature,1.1
2021-02-24,Bacău,temperature,4.9
2021-02-25,Bacău,temperature,6.3
2021-02-26,Bacău,temperature,6.1
2021-02-27,Bacău,temperature,2.6
2020-12-28,Baia Mare,temperature,9.2
2020-12-29,Baia Mare,temperature,10
2020-12-30,Baia Mare,temperature,8.2
2020-12-31,Baia Mare,temperature,7.2
2021-01-01,Baia Mare,temperature,2
2021-01-02,Baia Mare,temperature,3.6
2021-01-03,Baia Mare,temperature,6.5
2021-01-04,Baia Mare,temperature,6
2021-01-05,Baia Mare,temperature,6
2021-01-06,Baia Mare,temperature,5.3
2021-01-07,Baia Mare,temperature,4.4
2021-01-08,Baia Mare,temperature,0.5
2021-01-09,Baia Mare,temperature,-1.5
2021-01-10,Baia Mare,temperature,-2
2021-01-11,Baia Mare,temperature,-0.1
2021-01-12,Baia Mare,temperature,1
2021-01-13,Baia Mare,temperature,-0.9
2021-01-14,Baia Mare,temperature,-1.4
2021-01-15,Baia Mare,temperature,-3
2021-01-16,Baia Mare,temperature,-9.5
2021-01-17,Baia Mare,temperature,-6
2021-01-18,Baia Mare,temperature,-7
2021-01-19,Baia Mare,temperature,-6
2021-01-20,Baia Mare,temperature,-0.5
2021-01-21,Baia Mare,temperature,4
2021-01-22,Baia Mare,temperature,5
2021-01-23,Baia Mare,temperature,8.5
2021-01-24,Baia Mare,temperature,6
2021-01-25,Baia Mare,temperature,2.7
2021-01-26,Baia Mare,temperature,0.3
2021-01-27,Baia Mare,temperature,-2.1
2021-01-28,Baia Mare,temperature,-1
2021-01-29,Baia Mare,temperature,0
2021-01-30,Baia Mare,temperature,1.6
2021-01-31,Baia Mare,temperature,-0.3
2021-02-01,Baia Mare,temperature,0.7
2021-02-02,Baia Mare,temperature,2
2021-02-03,Baia Mare,temperature,4.6
2021-02-04,Baia Mare,temperature,6.5
2021-02-05,Baia Mare,temperature,5.4
2021-02-06,Baia Mare,temperature,4.8
2021-02-07,Baia Mare,temperature,8.4
2021-02-08,Baia Mare,temperature,8.6
2021-02-09,Baia Mare,temperature,6.4
2021-02-10,Baia Mare,temperature,6.4
2021-02-11,Baia Mare,temperature,0.3
2021-02-12,Baia Mare,temperature,-9.4
2021-02-13,Baia Mare,temperature,-9
2021-02-14,Baia Mare,temperature,-4.6
2021-02-15,Baia Mare,temperature,-4
2021-02-16,Baia Mare,temperature,-3
2021-02-17,Baia Mare,temperature,-2
2021-02-18,Baia Mare,temperature,-1.2
2021-02-19,Baia Mare,temperature,0.4
2021-02-20,Baia Mare,temperature,1
2021-02-21,Baia Mare,temperature,0.3
2021-02-22,Baia Mare,temperature,1
2021-02-23,Baia Mare,temperature,2.2
2021-02-24,Baia Mare,temperature,4.5
2021-02-25,Baia Mare,temperature,7.1
2021-02-26,Baia Mare,temperature,7.1
2021-02-27,Baia Mare,temperature,4.5
2020-12-28,Brăila,temperature,10.5
2020-12-29,Brăila,temperature,8.4
2020-12-30,Brăila,temperature,9.1
2020-12-31,Brăila,temperature,9.6
2021-01-01,Brăila,temperature,7
2021-01-02,Brăila,temperature,5.2
2021-01-03,Brăila,temperature,8.8
2021-01-04,Brăila,temperature,8.7
2021-01-05,Brăila,temperature,7
2021-01-06,Brăila,temperature,5.4
2021-01-07,Brăila,temperature,7.3
2021-01-08,Brăila,temperature,3.9
2021-01-09,Brăila,temperature,1.1
2021-01-10,Brăila,temperature,2.6
2021-01-11,Brăila,temperature,1.4
2021-01-12,Brăila,temperature,1.6
2021-01-13,Brăila,temperature,-0.2
2021-01-14,Brăila,temperature,-0.1
2021-01-15,Brăila,temperature,-1.4
2021-01-16,Brăila,temperature,-4.4
2021-01-17,Brăila,temperature,-8.1
2021-01-18,Brăila,temperature,-5.8
2021-01-19,Brăila,temperature,-7.2
2021-01-20,Brăila,temperature,-1.7
2021-01-21,Brăila,temperature,3.1
2021-01-22,Brăila,temperature,5.5
2021-01-23,Brăila,temperature,7.9
2021-01-24,Brăila,temperature,8.8
2021-01-25,Brăila,temperature,6.8
2021-01-26,Brăila,temperature,1.1
2021-01-27,Brăila,temperature,-0.1
2021-01-28,Brăila,temperature,0.4
2021-01-29,Brăila,temperature,-0.4
2021-01-30,Brăila,temperature,1.4
2021-01-31,Brăila,temperature,0.7
2021-02-01,Brăila,temperature,0.4
2021-02-02,Brăila,temperature,1.2
2021-02-03,Brăila,temperature,3.3
2021-02-04,Brăila,temperature,4.1
2021-02-05,Brăila,temperature,4.1
2021-02-06,Brăila,temperature,3.3
2021-02-07,Brăila,temperature,0.2
2021-02-08,Brăila,temperature,5.3
2021-02-09,Brăila,temperature,8.4
2021-02-10,Brăila,temperature,9.6
2021-02-11,Brăila,temperature,5.7
2021-02-12,Brăila,temperature,-3.4
2021-02-13,Brăila,temperature,-5.7
2021-02-14,Brăila,temperature,-2.6
2021-02-15,Brăila,temperature,-2.6
2021-02-16,Brăila,temperature,-5.3
2021-02-17,Brăila,temperature,-3.4
2021-02-18,Brăila,temperature,-0.3
2021-02-19,Brăila,temperature,-3.8
2021-02-20,Brăila,temperature,1.6
2021-02-21,Brăila,temperature,3
2021-02-22,Brăila,temperature,1.2
2021-02-23,Brăila,temperature,1.3
2021-02-24,Brăila,temperature,2.6
2021-02-25,Brăila,temperature,3
2021-02-26,Brăila,temperature,8.7
2021-02-27,Brăila,temperature,4.2
2020-12-28,Braşov,temperature,81.1
2020-12-29,Braşov,temperature,81.1
2020-12-30,Braşov,temperature,81.1
2020-12-31,Braşov,temperature,81.1
2021-01-01,Braşov,temperature,81.1
2021-01-02,Braşov,temperature,81.1
2021-01-03,Braşov,temperature,81.1
2021-01-04,Braşov,temperature,81.1
2021-01-05,Braşov,temperature,81.1
2021-01-06,Braşov,temperature,81.1
2021-01-07,Braşov,temperature,81.1
2021-01-08,Braşov,temperature,81.1
2021-01-09,Braşov,temperature,81.1
2021-01-10,Braşov,temperature,81.1
2021-01-11,Braşov,temperature,81.1
2021-01-12,Braşov,temperature,81.1
2021-01-13,Braşov,temperature,81.1
2021-01-14,Braşov,temperature,81.1
2021-01-15,Braşov,temperature,81.1
2021-01-16,Braşov,temperature,81.1
2021-01-17,Braşov,temperature,81.1
2021-01-18,Braşov,temperature,81.1
2021-01-19,Braşov,temperature,81.1
2021-01-20,Braşov,temperature,81.1
2021-01-21,Braşov,temperature,81.1
2021-01-22,Braşov,temperature,81.1
2021-01-23,Braşov,temperature,81.1
2021-01-24,Braşov,temperature,81.1
2021-01-25,Braşov,temperature,81.1
2021-01-26,Braşov,temperature,81.1
2021-01-27,Braşov,temperature,81.1
2021-01-28,Braşov,temperature,81.1
2021-01-29,Braşov,temperature,81.1
2021-01-30,Braşov,temperature,81.1
2021-01-31,Braşov,temperature,81.1
2021-02-01,Braşov,temperature,81.1
2021-02-02,Braşov,temperature,81.1
2021-02-03,Braşov,temperature,81.1
2021-02-04,Braşov,temperature,81.1
2021-02-05,Braşov,temperature,81.1
2021-02-06,Braşov,temperature,81.1
2021-02-07,Braşov,temperature,81.1
2021-02-08,Braşov,temperature,81.1
2021-02-09,Braşov,temperature,81.1
2021-02-10,Braşov,temperature,81.1
2021-02-11,Braşov,temperature,81.1
2021-02-12,Braşov,temperature,81.1
2021-02-13,Braşov,temperature,81.1
2021-02-14,Braşov,temperature,81.1
2021-02-15,Braşov,temperature,81.1
2021-02-16,Braşov,temperature,81.1
2021-02-17,Braşov,temperature,81.1
2021-02-18,Braşov,temperature,81.1
2021-02-19,Braşov,temperature,81.1
2021-02-20,Braşov,temperature,81.1
2021-02-21,Braşov,temperature,81.1
2021-02-22,Braşov,temperature,81.1
2021-02-23,Braşov,temperature,81.1
2021-02-24,Braşov,temperature,81.1
2021-02-25,Braşov,temperature,81.1
2021-02-26,Braşov,temperature,81.1
2021-02-27,Braşov,temperature,81.1
2020-12-28,Bucharest,temperature,8
2020-12-29,Bucharest,temperature,5.8
2020-12-30,Bucharest,temperature,6.2
2020-12-31,Bucharest,temperature,7.9
2021-01-01,Bucharest,temperature,6.2
2021-01-02,Bucharest,temperature,4
2021-01-03,Bucharest,temperature,7.4
2021-01-04,Bucharest,temperature,8.5
2021-01-05,Bucharest,temperature,8.3
2021-01-06,Bucharest,temperature,5.2
2021-01-07,Bucharest,temperature,6.6
2021-01-08,Bucharest,temperature,3.3
2021-01-09,Bucharest,temperature,2
2021-01-10,Bucharest,temperature,1.2
2021-01-11,Bucharest,temperature,0.3
2021-01-12,Bucharest,temperature,1
2021-01-13,Bucharest,temperature,0.5
2021-01-14,Bucharest,temperature,-0.4
2021-01-15,Bucharest,temperature,-2.2
2021-01-16,Bucharest,temperature,-3.3
2021-01-17,Bucharest,temperature,-5.5
2021-01-18,Bucharest,temperature,-6.2
2021-01-19,Bucharest,temperature,-6
2021-01-20,Bucharest,temperature,-0.5
2021-01-21,Bucharest,temperature,2.6
2021-01-22,Bucharest,temperature,4.5
2021-01-23,Bucharest,temperature,5.2
2021-01-24,Bucharest,temperature,5.9
2021-01-25,Bucharest,temperature,4.3
2021-01-26,Bucharest,temperature,1.1
2021-01-27,Bucharest,temperature,0.1
2021-01-28,Bucharest,temperature,-0.2
2021-01-29,Bucharest,temperature,0.5
2021-01-30,Bucharest,temperature,3
2021-01-31,Bucharest,temperature,2.5
2021-02-01,Bucharest,temperature,1.9
2021-02-02,Bucharest,temperature,3
2021-02-03,Bucharest,temperature,4
2021-02-04,Bucharest,temperature,7
2021-02-05,Bucharest,temperature,6.6
2021-02-06,Bucharest,temperature,3.3
2021-02-07,Bucharest,temperature,1
2021-02-08,Bucharest,temperature,5
2021-02-09,Bucharest,temperature,9
2021-02-10,Bucharest,temperature,11
2021-02-11,Bucharest,temperature,9.4
2021-02-12,Bucharest,temperature,-1.9
2021-02-13,Bucharest,temperature,-4.5
2021-02-14,Bucharest,temperature,-1.1
2021-02-15,Bucharest,temperature,-0.6
2021-02-16,Bucharest,temperature,-2.7
2021-02-17,Bucharest,temperature,1
2021-02-18,Bucharest,temperature,2.2
2021-02-19,Bucharest,temperature,-2.2
2021-02-20,Bucharest,temperature,1
2021-02-21,Bucharest,temperature,3.4
2021-02-22,Bucharest,temperature,2
2021-02-23,Bucharest,temperature,1.6
2021-02-24,Bucharest,temperature,2
2021-02-25,Bucharest,temperature,8.5
2021-02-26,Bucharest,temperature,11.5
2021-02-27,Bucharest,temperature,7
2020-12-28,Cluj-Napoca,temperature,7
2020-12-29,Cluj-Napoca,temperature,7.1
2020-12-30,Cluj-Napoca,temperature,9
2020-12-31,Cluj-Napoca,temperature,6.7
2021-01-01,Cluj-Napoca,temperature,4.1
2021-01-02,Cluj-Napoca,temperature,2
2021-01-03,Cluj-Napoca,temperature,1.8
2021-01-04,Cluj-Napoca,temperature,1.2
2021-01-05,Cluj-Napoca,temperature,4.4
2021-01-06,Cluj-Napoca,temperature,-0.1
2021-01-07,Cluj-Napoca,temperature,3.3
2021-01-08,Cluj-Napoca,temperature,-1.2
2021-01-09,Cluj-Napoca,temperature,-3.8
2021-01-10,Cluj-Napoca,temperature,-4.2
2021-01-11,Cluj-Napoca,temperature,-0.7
2021-01-12,Cluj-Napoca,temperature,-0.2
2021-01-13,Cluj-Napoca,temperature,-0.8
2021-01-14,Cluj-Napoca,temperature,-4.5
2021-01-15,Cluj-Napoca,temperature,-3.4
2021-01-16,Cluj-Napoca,temperature,-7.4
2021-01-17,Cluj-Napoca,temperature,-7.4
2021-01-18,Cluj-Napoca,temperature,-7.2
2021-01-19,Cluj-Napoca,temperature,-7.9
2021-01-20,Cluj-Napoca,temperature,-2.1
2021-01-21,Cluj-Napoca,temperature,-0.8
2021-01-22,Cluj-Napoca,temperature,1.6
2021-01-23,Cluj-Napoca,temperature,3.9
2021-01-24,Cluj-Napoca,temperature,5
2021-01-25,Cluj-Napoca,temperature,4.8
2021-01-26,Cluj-Napoca,temperature,0.2
2021-01-27,Cluj-Napoca,temperature,-2.1
2021-01-28,Cluj-Napoca,temperature,-2.5
2021-01-29,Cluj-Napoca,temperature,-1.4
2021-01-30,Cluj-Napoca,temperature,3.2
2021-01-31,Cluj-Napoca,temperature,-0.1
2021-02-01,Cluj-Napoca,temperature,1
2021-02-02,Cluj-Napoca,temperature,1.8
2021-02-03,Cluj-Napoca,temperature,4.2
2021-02-04,Cluj-Napoca,temperature,8.1
2021-02-05,Cluj-Napoca,temperature,5.2
2021-02-06,Cluj-Napoca,temperature,4.8
2021-02-07,Cluj-Napoca,temperature,5.5
2021-02-08,Cluj-Napoca,temperature,7.5
2021-02-09,Cluj-Napoca,temperature,7.1
2021-02-10,Cluj-Napoca,temperature,6.7
2021-02-11,Cluj-Napoca,temperature,6.3
2021-02-12,Cluj-Napoca,temperature,-10.1
2021-02-13,Cluj-Napoca,temperature,-9.6
2021-02-14,Cluj-Napoca,temperature,-4.4
2021-02-15,Cluj-Napoca,temperature,-3.4
2021-02-16,Cluj-Napoca,temperature,-4.2
2021-02-17,Cluj-Napoca,temperature,-4
2021-02-18,Cluj-Napoca,temperature,-1.4
2021-02-19,Cluj-Napoca,temperature,-1.8
2021-02-20,Cluj-Napoca,temperature,0.3
2021-02-21,Cluj-Napoca,temperature,-0.4
2021-02-22,Cluj-Napoca,temperature,-1.1
2021-02-23,Cluj-Napoca,temperature,-1.3
2021-02-24,Cluj-Napoca,temperature,0.4
2021-02-25,Cluj-Napoca,temperature,1.9
2021-02-26,Cluj-Napoca,temperature,4
2021-02-27,Cluj-Napoca,temperature,3.4
2020-12-28,Constanţa,temperature,10.2
2020-12-29,Constanţa,temperature,10.9
2020-12-30,Constanţa,temperature,11.5
2020-12-31,Constanţa,temperature,11.5
2021-01-01,Constanţa,temperature,8.4
2021-01-02,Constanţa,temperature,8
2021-01-03,Constanţa,temperature,10
2021-01-04,Constanţa,temperature,9.5
2021-01-05,Constanţa,temperature,10
2021-01-06,Constanţa,temperature,8.3
2021-01-07,Constanţa,temperature,9.8
2021-01-08,Constanţa,temperature,6
2021-01-09,Constanţa,temperature,2.9
2021-01-10,Constanţa,temperature,4.2
2021-01-11,Constanţa,temperature,5.4
2021-01-12,Constanţa,temperature,5.4
2021-01-13,Constanţa,temperature,1
2021-01-14,Constanţa,temperature,1.3
2021-01-15,Constanţa,temperature,-0.1
2021-01-16,Constanţa,temperature,-1.5
2021-01-17,Constanţa,temperature,-6
2021-01-18,Constanţa,temperature,-4.2
2021-01-19,Constanţa,temperature,-4.7
2021-01-20,Constanţa,temperature,0.5
2021-01-21,Constanţa,temperature,3
2021-01-22,Constanţa,temperature,5.5
2021-01-23,Constanţa,temperature,8.5
2021-01-24,Constanţa,temperature,10.2
2021-01-25,Constanţa,temperature,8.9
2021-01-26,Constanţa,temperature,3.8
2021-01-27,Constanţa,temperature,0.1
2021-01-28,Constanţa,temperature,-0.3
2021-01-29,Constanţa,temperature,-0.1
2021-01-30,Constanţa,temperature,3.9
2021-01-31,Constanţa,temperature,4.5
2021-02-01,Constanţa,temperature,6
2021-02-02,Constanţa,temperature,4.7
2021-02-03,Constanţa,temperature,4.8
2021-02-04,Constanţa,temperature,8.4
2021-02-05,Constanţa,temperature,7
2021-02-06,Constanţa,temperature,4.9
2021-02-07,Constanţa,temperature,4.5
2021-02-08,Constanţa,temperature,8.5
2021-02-09,Constanţa,temperature,11
2021-02-10,Constanţa,temperature,11.6
2021-02-11,Constanţa,temperature,10.7
2021-02-12,Constanţa,temperature,-3
2021-02-13,Constanţa,temperature,-6.5
2021-02-14,Constanţa,temperature,-4
2021-02-15,Constanţa,temperature,-1.7
2021-02-16,Constanţa,temperature,-3.8
2021-02-17,Constanţa,temperature,-3
2021-02-18,Constanţa,temperature,1.4
2021-02-19,Constanţa,temperature,-3.2
2021-02-20,Constanţa,temperature,3.2
2021-02-21,Constanţa,temperature,3.6
2021-02-22,Constanţa,temperature,2
2021-02-23,Constanţa,temperature,1
2021-02-24,Constanţa,temperature,3.6
2021-02-25,Constanţa,temperature,7.5
2021-02-26,Constanţa,temperature,9.4
2021-02-27,Constanţa,temperature,7.3
2020-12-28,Craiova,temperature,6.1
2020-12-29,Craiova,temperature,7.4
2020-12-30,Craiova,temperature,6.6
2020-12-31,Craiova,temperature,6.1
2021-01-01,Craiova,temperature,4.2
2021-01-02,Craiova,temperature,3.8
2021-01-03,Craiova,temperature,6.6
2021-01-04,Craiova,temperature,8.3
2021-01-05,Craiova,temperature,7.5
2021-01-06,Craiova,temperature,4.7
2021-01-07,Craiova,temperature,6.6
2021-01-08,Craiova,temperature,2.3
2021-01-09,Craiova,temperature,1.6
2021-01-10,Craiova,temperature,1.1
2021-01-11,Craiova,temperature,1.1
2021-01-12,Craiova,temperature,0.5
2021-01-13,Craiova,temperature,0.5
2021-01-14,Craiova,temperature,-1
2021-01-15,Craiova,temperature,-1.3
2021-01-16,Craiova,temperature,-1.7
2021-01-17,Craiova,temperature,-4.8
2021-01-18,Craiova,temperature,-5.8
2021-01-19,Craiova,temperature,-5.5
2021-01-20,Craiova,temperature,2.3
2021-01-21,Craiova,temperature,2.2
2021-01-22,Craiova,temperature,1.5
2021-01-23,Craiova,temperature,4.8
2021-01-24,Craiova,temperature,5.5
2021-01-25,Craiova,temperature,4.5
2021-01-26,Craiova,temperature,1.1
2021-01-27,Craiova,temperature,1.1
2021-01-28,Craiova,temperature,-0.2
2021-01-29,Craiova,temperature,5.1
2021-01-30,Craiova,temperature,5.8
2021-01-31,Craiova,temperature,3.8
2021-02-01,Craiova,temperature,2.5
2021-02-02,Craiova,temperature,3.7
2021-02-03,Craiova,temperature,4.4
2021-02-04,Craiova,temperature,8.2
2021-02-05,Craiova,temperature,7.3
2021-02-06,Craiova,temperature,5
2021-02-07,Craiova,temperature,3.3
2021-02-08,Craiova,temperature,4.4
2021-02-09,Craiova,temperature,9.4
2021-02-10,Craiova,temperature,10.5
2021-02-11,Craiova,temperature,8.5
2021-02-12,Craiova,temperature,-4.1
2021-02-13,Craiova,temperature,-4.4
2021-02-14,Craiova,temperature,-3
2021-02-15,Craiova,temperature,-1.1
2021-02-16,Craiova,temperature,-2
2021-02-17,Craiova,temperature,1
2021-02-18,Craiova,temperature,6.1
2021-02-19,Craiova,temperature,-0.4
2021-02-20,Craiova,temperature,-0.3
2021-02-21,Craiova,temperature,1.8
2021-02-22,Craiova,temperature,1.6
2021-02-23,Craiova,temperature,0.8
2021-02-24,Craiova,temperature,7.2
2021-02-25,Craiova,temperature,9.7
2021-02-26,Craiova,temperature,10.5
2021-02-27,Craiova,temperature,5.5
2020-12-28,Galaţi,temperature,9.3
2020-12-29,Galaţi,temperature,9.6
2020-12-30,Galaţi,temperature,10.1
2020-12-31,Galaţi,temperature,11.2
2021-01-01,Galaţi,temperature,7.3
2021-01-02,Galaţi,temperature,4.9
2021-01-03,Galaţi,temperature,8.6
2021-01-04,Galaţi,temperature,8.7
2021-01-05,Galaţi,temperature,7
2021-01-06,Galaţi,temperature,6
2021-01-07,Galaţi,temperature,8
2021-01-08,Galaţi,temperature,3.6
2021-01-09,Galaţi,temperature,0.9
2021-01-10,Galaţi,temperature,2
2021-01-11,Galaţi,temperature,0.5
2021-01-12,Galaţi,temperature,1.3
2021-01-13,Galaţi,temperature,-0.1
2021-01-14,Galaţi,temperature,0.3
2021-01-15,Galaţi,temperature,-1.2
2021-01-16,Galaţi,temperature,-4.4
2021-01-17,Galaţi,temperature,-8.1
2021-01-18,Galaţi,temperature,-5.8
2021-01-19,Galaţi,temperature,-7.2
2021-01-20,Galaţi,temperature,-1.7
2021-01-21,Galaţi,temperature,3.1
2021-01-22,Galaţi,temperature,5.5
2021-01-23,Galaţi,temperature,7.9
2021-01-24,Galaţi,temperature,8.8
2021-01-25,Galaţi,temperature,7.1
2021-01-26,Galaţi,temperature,1.1
2021-01-27,Galaţi,temperature,-0.6
2021-01-28,Galaţi,temperature,0.6
2021-01-29,Galaţi,temperature,-0.4
2021-01-30,Galaţi,temperature,2.6
2021-01-31,Galaţi,temperature,0.6
2021-02-01,Galaţi,temperature,-0.1
2021-02-02,Galaţi,temperature,0.3
2021-02-03,Galaţi,temperature,3.3
2021-02-04,Galaţi,temperature,3.9
2021-02-05,Galaţi,temperature,4.7
2021-02-06,Galaţi,temperature,2.2
2021-02-07,Galaţi,temperature,-0.8
2021-02-08,Galaţi,temperature,3.1
2021-02-09,Galaţi,temperature,7.7
2021-02-10,Galaţi,temperature,9.3
2021-02-11,Galaţi,temperature,5.5
2021-02-12,Galaţi,temperature,-3.5
2021-02-13,Galaţi,temperature,-6.4
2021-02-14,Galaţi,temperature,-2.4
2021-02-15,Galaţi,temperature,-2.6
2021-02-16,Galaţi,temperature,-5.3
2021-02-17,Galaţi,temperature,-3.4
2021-02-18,Galaţi,temperature,-0.3
2021-02-19,Galaţi,temperature,-5.2
2021-02-20,Galaţi,temperature,1.6
2021-02-21,Galaţi,temperature,3.4
2021-02-22,Galaţi,temperature,1
2021-02-23,Galaţi,temperature,2.2
2021-02-24,Galaţi,temperature,2.6
2021-02-25,Galaţi,temperature,3.6
2021-02-26,Galaţi,temperature,11
2021-02-27,Galaţi,temperature,6.2
2020-12-28,Iaşi,temperature,8.3
2020-12-29,Iaşi,temperature,9
2020-12-30,Iaşi,temperature,7
2020-12-31,Iaşi,temperature,8
2021-01-01,Iaşi,temperature,5.9
2021-01-02,Iaşi,temperature,2
2021-01-03,Iaşi,temperature,8.2
2021-01-04,Iaşi,temperature,7.3
2021-01-05,Iaşi,temperature,3
2021-01-06,Iaşi,temperature,3
2021-01-07,Iaşi,temperature,4
2021-01-08,Iaşi,temperature,1.5
2021-01-09,Iaşi,temperature,0.5
2021-01-10,Iaşi,temperature,-1.5
2021-01-11,Iaşi,temperature,-1.3
2021-01-12,Iaşi,temperature,-0.1
2021-01-13,Iaşi,temperature,0.1
2021-01-14,Iaşi,temperature,0
2021-01-15,Iaşi,temperature,-3
2021-01-16,Iaşi,temperature,-7
2021-01-17,Iaşi,temperature,-7.7
2021-01-18,Iaşi,temperature,-9
2021-01-19,Iaşi,temperature,-11
2021-01-20,Iaşi,temperature,-4.2
2021-01-21,Iaşi,temperature,-0.6
2021-01-22,Iaşi,temperature,2
2021-01-23,Iaşi,temperature,3.5
2021-01-24,Iaşi,temperature,6
2021-01-25,Iaşi,temperature,4.8
2021-01-26,Iaşi,temperature,1.5
2021-01-27,Iaşi,temperature,0
2021-01-28,Iaşi,temperature,0
2021-01-29,Iaşi,temperature,-0.7
2021-01-30,Iaşi,temperature,0.9
2021-01-31,Iaşi,temperature,-1
2021-02-01,Iaşi,temperature,-2
2021-02-02,Iaşi,temperature,-1.5
2021-02-03,Iaşi,temperature,1
2021-02-04,Iaşi,temperature,6
2021-02-05,Iaşi,temperature,2
2021-02-06,Iaşi,temperature,-1.5
2021-02-07,Iaşi,temperature,-4
2021-02-08,Iaşi,temperature,-3
2021-02-09,Iaşi,temperature,-0.3
2021-02-10,Iaşi,temperature,1.5
2021-02-11,Iaşi,temperature,1
2021-02-12,Iaşi,temperature,-9.5
2021-02-13,Iaşi,temperature,-6.5
2021-02-14,Iaşi,temperature,-2
2021-02-15,Iaşi,temperature,-2.6
2021-02-16,Iaşi,temperature,-8
2021-02-17,Iaşi,temperature,-5.5
2021-02-18,Iaşi,temperature,-3
2021-02-19,Iaşi,temperature,-6.1
2021-02-20,Iaşi,temperature,-1.1
2021-02-21,Iaşi,temperature,0.5
2021-02-22,Iaşi,temperature,-0.5
2021-02-23,Iaşi,temperature,0.5
2021-02-24,Iaşi,temperature,1.5
2021-02-25,Iaşi,temperature,8.9
2021-02-26,Iaşi,temperature,8.2
2021-02-27,Iaşi,temperature,4.9
2020-12-28,Oradea,temperature,9
2020-12-29,Oradea,temperature,9.5
2020-12-30,Oradea,temperature,8.5
2020-12-31,Oradea,temperature,7.8
2021-01-01,Oradea,temperature,5
2021-01-02,Oradea,temperature,5
2021-01-03,Oradea,temperature,4.6
2021-01-04,Oradea,temperature,7
2021-01-05,Oradea,temperature,6
2021-01-06,Oradea,temperature,5.9
2021-01-07,Oradea,temperature,4
2021-01-08,Oradea,temperature,0
2021-01-09,Oradea,temperature,-3
2021-01-10,Oradea,temperature,-2
2021-01-11,Oradea,temperature,0
2021-01-12,Oradea,temperature,0
2021-01-13,Oradea,temperature,-1
2021-01-14,Oradea,temperature,-1
2021-01-15,Oradea,temperature,-2.6
2021-01-16,Oradea,temperature,-7
2021-01-17,Oradea,temperature,-5
2021-01-18,Oradea,temperature,-6
2021-01-19,Oradea,temperature,-3
2021-01-20,Oradea,temperature,2
2021-01-21,Oradea,temperature,8
2021-01-22,Oradea,temperature,11
2021-01-23,Oradea,temperature,12
2021-01-24,Oradea,temperature,8
2021-01-25,Oradea,temperature,2.2
2021-01-26,Oradea,temperature,2
2021-01-27,Oradea,temperature,-1
2021-01-28,Oradea,temperature,-1
2021-01-29,Oradea,temperature,2
2021-01-30,Oradea,temperature,6
2021-01-31,Oradea,temperature,0.5
2021-02-01,Oradea,temperature,1
2021-02-02,Oradea,temperature,2.5
2021-02-03,Oradea,temperature,7
2021-02-04,Oradea,temperature,9
2021-02-05,Oradea,temperature,6.8
2021-02-06,Oradea,temperature,6.9
2021-02-07,Oradea,temperature,5.5
2021-02-08,Oradea,temperature,8
2021-02-09,Oradea,temperature,6.5
2021-02-10,Oradea,temperature,6
2021-02-11,Oradea,temperature,-2.6
2021-02-12,Oradea,temperature,-8
2021-02-13,Oradea,temperature,-6.5
2021-02-14,Oradea,temperature,-2.5
2021-02-15,Oradea,temperature,-2
2021-02-16,Oradea,temperature,-1
2021-02-17,Oradea,temperature,1
2021-02-18,Oradea,temperature,2.5
2021-02-19,Oradea,temperature,5.5
2021-02-20,Oradea,temperature,4
2021-02-21,Oradea,temperature,3.5
2021-02-22,Oradea,temperature,4.5
2021-02-23,Oradea,temperature,6.2
2021-02-24,Oradea,temperature,6.7
2021-02-25,Oradea,temperature,7.5
2021-02-26,Oradea,temperature,8.3
2021-02-27,Oradea,temperature,6
2020-12-28,Piteşti,temperature,7
2020-12-29,Piteşti,temperature,6.2
2020-12-30,Piteşti,temperature,7.2
2020-12-31,Piteşti,temperature,7.4
2021-01-01,Piteşti,temperature,3.4
2021-01-02,Piteşti,temperature,1.5
2021-01-03,Piteşti,temperature,6.7
2021-01-04,Piteşti,temperature,8.5
2021-01-05,Piteşti,temperature,7.1
2021-01-06,Piteşti,temperature,3.4
2021-01-07,Piteşti,temperature,4.7
2021-01-08,Piteşti,temperature,0.7
2021-01-09,Piteşti,temperature,1.1
2021-01-10,Piteşti,temperature,1.1
2021-01-11,Piteşti,temperature,0.2
2021-01-12,Piteşti,temperature,0.5
2021-01-13,Piteşti,temperature,2.3
2021-01-14,Piteşti,temperature,-1.5
2021-01-15,Piteşti,temperature,-3
2021-01-16,Piteşti,temperature,-3.5
2021-01-17,Piteşti,temperature,1.9
2021-01-18,Piteşti,temperature,1.1
2021-01-19,Piteşti,temperature,0.5
2021-01-20,Piteşti,temperature,1.1
2021-01-21,Piteşti,temperature,2.2
2021-01-22,Piteşti,temperature,3.9
2021-01-23,Piteşti,temperature,4.8
2021-01-24,Piteşti,temperature,5.5
2021-01-25,Piteşti,temperature,3.9
2021-01-26,Piteşti,temperature,0.9
2021-01-27,Piteşti,temperature,-0.3
2021-01-28,Piteşti,temperature,-0.5
2021-01-29,Piteşti,temperature,3.8
2021-01-30,Piteşti,temperature,3.3
2021-01-31,Piteşti,temperature,2.5
2021-02-01,Piteşti,temperature,2.7
2021-02-02,Piteşti,temperature,3.2
2021-02-03,Piteşti,temperature,4
2021-02-04,Piteşti,temperature,7.8
2021-02-05,Piteşti,temperature,7.3
2021-02-06,Piteşti,temperature,3
2021-02-07,Piteşti,temperature,1.4
2021-02-08,Piteşti,temperature,4.7
2021-02-09,Piteşti,temperature,7.3
2021-02-10,Piteşti,temperature,8.3
2021-02-11,Piteşti,temperature,7.2
2021-02-12,Piteşti,temperature,-2.7
2021-02-13,Piteşti,temperature,-6.1
2021-02-14,Piteşti,temperature,-5.2
2021-02-15,Piteşti,temperature,3.1
2021-02-16,Piteşti,temperature,3.3
2021-02-17,Piteşti,temperature,2
2021-02-18,Piteşti,temperature,2.2
2021-02-19,Piteşti,temperature,-1.1
2021-02-20,Piteşti,temperature,2.7
2021-02-21,Piteşti,temperature,2.8
2021-02-22,Piteşti,temperature,1.3
2021-02-23,Piteşti,temperature,5.8
2021-02-24,Piteşti,temperature,6.2
2021-02-25,Piteşti,temperature,8.4
2021-02-26,Piteşti,temperature,8.6
2021-02-27,Piteşti,temperature,5
2020-12-28,Ploieşti,temperature,7.8
2020-12-29,Ploieşti,temperature,4.6
2020-12-30,Ploieşti,temperature,3.2
2020-12-31,Ploieşti,temperature,5.9
2021-01-01,Ploieşti,temperature,3.3
2021-01-02,Ploieşti,temperature,3
2021-01-03,Ploieşti,temperature,6.1
2021-01-04,Ploieşti,temperature,7.2
2021-01-05,Ploieşti,temperature,6.1
2021-01-06,Ploieşti,temperature,3.2
2021-01-07,Ploieşti,temperature,4.6
2021-01-08,Ploieşti,temperature,2.2
2021-01-09,Ploieşti,temperature,1.6
2021-01-10,Ploieşti,temperature,0
2021-01-11,Ploieşti,temperature,0.4
2021-01-12,Ploieşti,temperature,0.7
2021-01-13,Ploieşti,temperature,0.6
2021-01-14,Ploieşti,temperature,-0.9
2021-01-15,Ploieşti,temperature,-1.2
2021-01-16,Ploieşti,temperature,-3.8
2021-01-17,Ploieşti,temperature,-10.2
2021-01-18,Ploieşti,temperature,-7.1
2021-01-19,Ploieşti,temperature,-9
2021-01-20,Ploieşti,temperature,-2.7
2021-01-21,Ploieşti,temperature,-1.8
2021-01-22,Ploieşti,temperature,1.6
2021-01-23,Ploieşti,temperature,0
2021-01-24,Ploieşti,temperature,2.4
2021-01-25,Ploieşti,temperature,3.5
2021-01-26,Ploieşti,temperature,0.5
2021-01-27,Ploieşti,temperature,0.3
2021-01-28,Ploieşti,temperature,1
2021-01-29,Ploieşti,temperature,-1.9
2021-01-30,Ploieşti,temperature,2.1
2021-01-31,Ploieşti,temperature,1.4
2021-02-01,Ploieşti,temperature,2.3
2021-02-02,Ploieşti,temperature,2.2
2021-02-03,Ploieşti,temperature,4.9
2021-02-04,Ploieşti,temperature,6
2021-02-05,Ploieşti,temperature,4.7
2021-02-06,Ploieşti,temperature,2
2021-02-07,Ploieşti,temperature,1.1
2021-02-08,Ploieşti,temperature,4.9
2021-02-09,Ploieşti,temperature,9.2
2021-02-10,Ploieşti,temperature,8.2
2021-02-11,Ploieşti,temperature,7.3
2021-02-12,Ploieşti,temperature,-2.1
2021-02-13,Ploieşti,temperature,-6.6
2021-02-14,Ploieşti,temperature,-4.3
2021-02-15,Ploieşti,temperature,-3.4
2021-02-16,Ploieşti,temperature,-4.8
2021-02-17,Ploieşti,temperature,-1.9
2021-02-18,Ploieşti,temperature,0.1
2021-02-19,Ploieşti,temperature,-4.7
2021-02-20,Ploieşti,temperature,-0.5
2021-02-21,Ploieşti,temperature,1.2
2021-02-22,Ploieşti,temperature,-1.3
2021-02-23,Ploieşti,temperature,2
2021-02-24,Ploieşti,temperature,0.5
2021-02-25,Ploieşti,temperature,4.9
2021-02-26,Ploieşti,temperature,9
2021-02-27,Ploieşti,temperature,2.8
2020-12-28,Râmnicu Vâlcea,temperature,6.5
2020-12-29,Râmnicu Vâlcea,temperature,6
2020-12-30,Râmnicu Vâlcea,temperature,6.9
2020-12-31,Râmnicu Vâlcea,temperature,6.1
2021-01-01,Râmnicu Vâlcea,temperature,3.9
2021-01-02,Râmnicu Vâlcea,temperature,1.5
2021-01-03,Râmnicu Vâlcea,temperature,5.2
2021-01-04,Râmnicu Vâlcea,temperature,7
2021-01-05,Râmnicu Vâlcea,temperature,7.5
2021-01-06,Râmnicu Vâlcea,temperature,3.3
2021-01-07,Râmnicu Vâlcea,temperature,5.6
2021-01-08,Râmnicu Vâlcea,temperature,2
2021-01-09,Râmnicu Vâlcea,temperature,1.7
2021-01-10,Râmnicu Vâlcea,temperature,1.8
2021-01-11,Râmnicu Vâlcea,temperature,2.6
2021-01-12,Râmnicu Vâlcea,temperature,2.3
2021-01-13,Râmnicu Vâlcea,temperature,1.2
2021-01-14,Râmnicu Vâlcea,temperature,-2.2
2021-01-15,Râmnicu Vâlcea,temperature,-2.2
2021-01-16,Râmnicu Vâlcea,temperature,-1.8
2021-01-17,Râmnicu Vâlcea,temperature,-5.2
2021-01-18,Râmnicu Vâlcea,temperature,-6.4
2021-01-19,Râmnicu Vâlcea,temperature,-6
2021-01-20,Râmnicu Vâlcea,temperature,-2
2021-01-21,Râmnicu Vâlcea,temperature,0.1
2021-01-22,Râmnicu Vâlcea,temperature,0.9
2021-01-23,Râmnicu Vâlcea,temperature,4.1
2021-01-24,Râmnicu Vâlcea,temperature,4.3
2021-01-25,Râmnicu Vâlcea,temperature,4.8
2021-01-26,Râmnicu Vâlcea,temperature,0.5
2021-01-27,Râmnicu Vâlcea,temperature,1.7
2021-01-28,Râmnicu Vâlcea,temperature,0.8
2021-01-29,Râmnicu Vâlcea,temperature,-1.1
2021-01-30,Râmnicu Vâlcea,temperature,2.1
2021-01-31,Râmnicu Vâlcea,temperature,4
2021-02-01,Râmnicu Vâlcea,temperature,4.2
2021-02-02,Râmnicu Vâlcea,temperature,4.3
2021-02-03,Râmnicu Vâlcea,temperature,4.8
2021-02-04,Râmnicu Vâlcea,temperature,4.7
2021-02-05,Râmnicu Vâlcea,temperature,5.6
2021-02-06,Râmnicu Vâlcea,temperature,4.4
2021-02-07,Râmnicu Vâlcea,temperature,3.6
2021-02-08,Râmnicu Vâlcea,temperature,4.8
2021-02-09,Râmnicu Vâlcea,temperature,6.4
2021-02-10,Râmnicu Vâlcea,temperature,8.3
2021-02-11,Râmnicu Vâlcea,temperature,8
2021-02-12,Râmnicu Vâlcea,temperature,-1.4
2021-02-13,Râmnicu Vâlcea,temperature,-4.9
2021-02-14,Râmnicu Vâlcea,temperature,-1.9
2021-02-15,Râmnicu Vâlcea,temperature,-0.6
2021-02-16,Râmnicu Vâlcea,temperature,-1.4
2021-02-17,Râmnicu Vâlcea,temperature,-2.7
2021-02-18,Râmnicu Vâlcea,temperature,1.8
2021-02-19,Râmnicu Vâlcea,temperature,-0.4
2021-02-20,Râmnicu Vâlcea,temperature,-0.8
2021-02-21,Râmnicu Vâlcea,temperature,1
2021-02-22,Râmnicu Vâlcea,temperature,-0.2
2021-02-23,Râmnicu Vâlcea,temperature,5
2021-02-24,Râmnicu Vâlcea,temperature,4.6
2021-02-25,Râmnicu Vâlcea,temperature,7.8
2021-02-26,Râmnicu Vâlcea,temperature,8.7
2021-02-27,Râmnicu Vâlcea,temperature,4.7
2020-12-28,Sibiu,temperature,9
2020-12-29,Sibiu,temperature,9.9
2020-12-30,Sibiu,temperature,10.4
2020-12-31,Sibiu,temperature,9.9
2021-01-01,Sibiu,temperature,3.6
2021-01-02,Sibiu,temperature,0.7
2021-01-03,Sibiu,temperature,6.9
2021-01-04,Sibiu,temperature,6.9
2021-01-05,Sibiu,temperature,5.6
2021-01-06,Sibiu,temperature,1.2
2021-01-07,Sibiu,temperature,3.2
2021-01-08,Sibiu,temperature,-0.1
2021-01-09,Sibiu,temperature,-3.4
2021-01-10,Sibiu,temperature,-2.7
2021-01-11,Sibiu,temperature,-0.7
2021-01-12,Sibiu,temperature,-0.7
2021-01-13,Sibiu,temperature,-0.8
2021-01-14,Sibiu,temperature,-2.5
2021-01-15,Sibiu,temperature,-2.9
2021-01-16,Sibiu,temperature,-7
2021-01-17,Sibiu,temperature,-9.1
2021-01-18,Sibiu,temperature,-7.6
2021-01-19,Sibiu,temperature,-6.8
2021-01-20,Sibiu,temperature,-0.7
2021-01-21,Sibiu,temperature,0.6
2021-01-22,Sibiu,temperature,-0.8
2021-01-23,Sibiu,temperature,8.5
2021-01-24,Sibiu,temperature,8.5
2021-01-25,Sibiu,temperature,4.4
2021-01-26,Sibiu,temperature,-0.1
2021-01-27,Sibiu,temperature,-0.8
2021-01-28,Sibiu,temperature,-1.6
2021-01-29,Sibiu,temperature,-1.6
2021-01-30,Sibiu,temperature,1.9
2021-01-31,Sibiu,temperature,2.5
2021-02-01,Sibiu,temperature,3.3
2021-02-02,Sibiu,temperature,2.1
2021-02-03,Sibiu,temperature,2.2
2021-02-04,Sibiu,temperature,8.7
2021-02-05,Sibiu,temperature,6.7
2021-02-06,Sibiu,temperature,6.9
2021-02-07,Sibiu,temperature,7.1
2021-02-08,Sibiu,temperature,11.7
2021-02-09,Sibiu,temperature,9.7
2021-02-10,Sibiu,temperature,8.9
2021-02-11,Sibiu,temperature,7
2021-02-12,Sibiu,temperature,-6.1
2021-02-13,Sibiu,temperature,-8.2
2021-02-14,Sibiu,temperature,-4.7
2021-02-15,Sibiu,temperature,-3.5
2021-02-16,Sibiu,temperature,-5.1
2021-02-17,Sibiu,temperature,-3.9
2021-02-18,Sibiu,temperature,-0.4
2021-02-19,Sibiu,temperature,0.3
2021-02-20,Sibiu,temperature,0.3
2021-02-21,Sibiu,temperature,-0.1
2021-02-22,Sibiu,temperature,-0.8
2021-02-23,Sibiu,temperature,-1.6
2021-02-24,Sibiu,temperature,4.4
2021-02-25,Sibiu,temperature,6.5
2021-02-26,Sibiu,temperature,6.7
2021-02-27,Sibiu,temperature,1.9
2020-12-28,Timişoara,temperature,9.9
2020-12-29,Timişoara,temperature,10.1
2020-12-30,Timişoara,temperature,10
2020-12-31,Timişoara,temperature,7.9
2021-01-01,Timişoara,temperature,3.9
2021-01-02,Timişoara,temperature,4.9
2021-01-03,Timişoara,temperature,7
2021-01-04,Timişoara,temperature,7.2
2021-01-05,Timişoara,temperature,6
2021-01-06,Timişoara,temperature,5.6
2021-01-07,Timişoara,temperature,5.7
2021-01-08,Timişoara,temperature,2.6
2021-01-09,Timişoara,temperature,-0.8
2021-01-10,Timişoara,temperature,0
2021-01-11,Timişoara,temperature,0.2
2021-01-12,Timişoara,temperature,0.3
2021-01-13,Timişoara,temperature,0.5
2021-01-14,Timişoara,temperature,0.4
2021-01-15,Timişoara,temperature,-0.8
2021-01-16,Timişoara,temperature,-4
2021-01-17,Timişoara,temperature,-3.3
2021-01-18,Timişoara,temperature,-4.4
2021-01-19,Timişoara,temperature,-1.1
2021-01-20,Timişoara,temperature,3
2021-01-21,Timişoara,temperature,6.6
2021-01-22,Timişoara,temperature,10
2021-01-23,Timişoara,temperature,10.6
2021-01-24,Timişoara,temperature,8.9
2021-01-25,Timişoara,temperature,4.1
2021-01-26,Timişoara,temperature,1.9
2021-01-27,Timişoara,temperature,-0.4
2021-01-28,Timişoara,temperature,-0.3
2021-01-29,Timişoara,temperature,5
2021-01-30,Timişoara,temperature,6.9
2021-01-31,Timişoara,temperature,2.9
2021-02-01,Timişoara,temperature,2.3
2021-02-02,Timişoara,temperature,4.2
2021-02-03,Timişoara,temperature,6.6
2021-02-04,Timişoara,temperature,10
2021-02-05,Timişoara,temperature,7.2
2021-02-06,Timişoara,temperature,11
2021-02-07,Timişoara,temperature,9.4
2021-02-08,Timişoara,temperature,8.4
2021-02-09,Timişoara,temperature,10
2021-02-10,Timişoara,temperature,9.3
2021-02-11,Timişoara,temperature,0.5
2021-02-12,Timişoara,temperature,-5.9
2021-02-13,Timişoara,temperature,-5.9
2021-02-14,Timişoara,temperature,-0.5
2021-02-15,Timişoara,temperature,-1.3
2021-02-16,Timişoara,temperature,0.5
2021-02-17,Timişoara,temperature,3.1
2021-02-18,Timişoara,temperature,5.6
2021-02-19,Timişoara,temperature,5.5
2021-02-20,Timişoara,temperature,6.4
2021-02-21,Timişoara,temperature,4.5
2021-02-22,Timişoara,temperature,5.5
2021-02-23,Timişoara,temperature,8.4
2021-02-24,Timişoara,temperature,8
2021-02-25,Timişoara,temperature,7.8
2021-02-26,Timişoara,temperature,8.8
2021-02-27,Timişoara,temperature,4.1